latitude,longitude,bright_ti4,scan,track,acq_date,acq_time,satellite,instrument,confidence,version,bright_ti5,frp,daynight,type,persistence_count
14.00555,76.77794,367.0,0.38,0.44,2025-03-14,829,N,VIIRS,h,2,318.05,5.79,D,0,2
18.77048,74.8774,367.0,0.59,0.53,2025-02-02,741,N,VIIRS,h,2,308.36,35.26,D,0,2
24.28559,74.60532,310.12,0.42,0.37,2025-03-26,2034,N,VIIRS,n,2,292.48,0.64,N,0,1
23.77743,86.34464,304.98,0.55,0.43,2025-03-27,2015,N,VIIRS,n,2,294.34,0.92,N,2,87
18.33942,80.36862,340.6,0.4,0.37,2025-03-27,746,N,VIIRS,l,2,313.09,3.94,D,0,2
11.05216,77.86961,307.79,0.39,0.44,2025-02-24,2001,N,VIIRS,n,2,292.63,0.59,N,0,1
19.73484,84.28974,305.77,0.42,0.38,2025-03-07,1951,N,VIIRS,n,2,294.15,1.46,N,0,1
17.70364,80.37015,351.13,0.4,0.37,2025-03-05,759,N,VIIRS,n,2,314.24,6.79,D,0,1
21.1821,81.3811,316.01,0.39,0.36,2025-01-01,2010,N,VIIRS,n,2,289.36,1.08,N,2,46
23.96614,91.47044,346.3,0.38,0.36,2025-03-24,703,N,VIIRS,n,2,306.02,5.23,D,0,1
18.80397,83.20576,336.08,0.45,0.39,2025-03-16,752,N,VIIRS,l,2,308.01,2.91,D,0,3
23.7926,86.35436,301.91,0.32,0.55,2025-01-25,1919,N,VIIRS,n,2,289.18,1.03,N,2,95
22.04739,83.73296,300.74,0.43,0.46,2025-03-05,2028,N,VIIRS,n,2,289.57,8.09,N,2,87
18.3267,78.01582,334.61,0.48,0.4,2025-02-23,747,N,VIIRS,n,2,307.01,3.66,D,0,2
21.34043,70.02122,347.32,0.46,0.39,2025-03-08,844,N,VIIRS,n,2,316.9,5.24,D,0,3
22.21235,84.86524,304.37,0.39,0.44,2025-02-25,1938,N,VIIRS,n,2,292.61,0.86,N,2,123
26.97251,92.71777,332.91,0.55,0.43,2025-03-18,717,N,VIIRS,n,2,301.12,5.42,D,0,1
15.33275,76.24786,318.88,0.4,0.37,2025-03-16,2024,N,VIIRS,n,2,295.94,1.59,N,2,12
21.0725,83.54092,335.87,0.51,0.41,2025-01-27,754,N,VIIRS,n,2,305.72,4.63,D,0,2
22.55075,81.39335,300.42,0.53,0.5,2025-03-18,1944,N,VIIRS,n,2,287.65,0.75,N,0,1
23.76086,86.40205,317.16,0.51,0.66,2025-02-16,1906,N,VIIRS,n,2,290.59,3.57,N,2,481
21.9688,85.31261,303.65,0.47,0.64,2025-03-09,1913,N,VIIRS,n,2,289.75,0.99,N,2,56
22.04306,83.73253,367.0,0.42,0.45,2025-03-21,800,N,VIIRS,h,2,303.72,7.78,D,2,440
23.74198,86.42253,300.04,0.43,0.38,2025-02-14,1944,N,VIIRS,n,2,287.9,0.77,N,2,17
18.6059,76.71351,367.0,0.56,0.69,2025-03-18,856,N,VIIRS,h,2,308.33,9.76,D,0,1
21.61071,83.04423,341.55,0.32,0.54,2025-01-19,704,N,VIIRS,n,2,306.09,2.29,D,0,3
22.03977,83.73299,367.0,0.34,0.56,2025-03-15,812,N,VIIRS,h,2,318.49,11.11,D,2,440
24.21022,92.23267,336.53,0.42,0.37,2025-03-29,709,N,VIIRS,n,2,306.3,11.85,D,0,2
22.35621,82.29475,313.65,0.46,0.63,2025-03-03,1926,N,VIIRS,n,2,291.89,2.29,N,2,26
23.94789,73.32316,348.57,0.39,0.59,2025-03-18,857,N,VIIRS,n,2,311.25,5.75,D,0,1
25.63354,91.33149,336.69,0.4,0.37,2025-03-29,710,N,VIIRS,n,2,307.53,3.41,D,0,1
21.99088,84.89428,334.85,0.42,0.38,2025-03-07,722,N,VIIRS,l,2,307.77,8.2,D,0,2
22.36193,82.30377,297.91,0.55,0.42,2025-02-19,1951,N,VIIRS,n,2,286.15,0.76,N,2,164
23.48397,82.20804,304.36,0.41,0.45,2025-03-10,2034,N,VIIRS,n,2,290.53,1.0,N,0,3
20.79639,85.25539,339.39,0.42,0.45,2025-01-11,753,N,VIIRS,n,2,300.19,4.3,D,2,148
23.6965,85.28928,306.69,0.41,0.37,2025-01-02,1950,N,VIIRS,n,2,285.63,0.85,N,2,72
23.29098,92.38713,346.25,0.39,0.44,2025-03-23,722,N,VIIRS,n,2,304.62,20.01,D,0,1
23.72791,85.00585,303.22,0.41,0.45,2025-03-13,1938,N,VIIRS,n,2,291.4,0.89,N,2,28
23.5576,87.23708,313.58,0.45,0.39,2025-01-28,2003,N,VIIRS,n,2,285.8,2.03,N,2,247
27.27207,80.267,329.53,0.49,0.48,2025-01-26,814,N,VIIRS,n,2,296.59,3.79,D,0,1
23.72171,86.44063,310.49,0.63,0.72,2025-01-26,1900,N,VIIRS,n,2,289.59,3.82,N,2,229
22.38023,87.28277,306.85,0.45,0.63,2025-01-21,2035,N,VIIRS,n,2,291.66,1.48,N,2,279
27.66767,76.1329,299.14,0.33,0.56,2025-03-13,2117,N,VIIRS,n,2,288.94,1.54,N,2,65
15.18488,76.65263,310.16,0.43,0.38,2025-01-21,2037,N,VIIRS,n,2,295.57,2.26,N,2,93
25.41648,94.47153,336.32,0.41,0.37,2025-03-03,658,N,VIIRS,n,2,301.07,3.15,D,0,1
13.79695,75.93583,336.36,0.39,0.36,2025-02-27,811,N,VIIRS,l,2,307.76,1.71,D,0,1
20.22216,79.68257,348.83,0.41,0.37,2025-03-27,746,N,VIIRS,n,2,317.55,6.62,D,0,4
23.66279,85.55178,300.09,0.44,0.38,2025-02-02,2009,N,VIIRS,n,2,287.04,0.71,N,2,21
23.73608,85.00729,302.15,0.39,0.59,2025-01-09,1919,N,VIIRS,n,2,283.25,1.5,N,2,201
17.65084,76.28856,337.0,0.51,0.66,2025-03-18,855,N,VIIRS,l,2,310.97,6.16,D,0,1
21.93918,84.04189,329.95,0.44,0.46,2025-01-08,710,N,VIIRS,l,2,303.5,3.0,D,0,2
25.8445,76.96127,337.95,0.45,0.47,2025-03-09,826,N,VIIRS,n,2,310.98,2.18,D,0,1
20.96209,85.17311,323.98,0.45,0.47,2025-02-12,2023,N,VIIRS,n,2,296.24,3.82,N,2,176
17.97115,80.22181,332.38,0.37,0.58,2025-02-26,830,N,VIIRS,l,2,306.81,3.31,D,0,1
26.29855,74.1252,308.57,0.4,0.37,2025-03-31,2040,N,VIIRS,n,2,296.6,1.42,N,2,12
24.8426,86.12251,311.23,0.51,0.41,2025-03-27,2015,N,VIIRS,n,2,298.36,3.35,N,0,2
18.89049,75.95641,367.0,0.39,0.36,2025-03-15,812,N,VIIRS,l,2,325.61,28.29,D,0,2
20.88855,84.98356,301.6,0.55,0.51,2025-01-16,2029,N,VIIRS,n,2,288.09,1.67,N,2,119
25.82785,94.62938,344.31,0.41,0.45,2025-03-10,626,N,VIIRS,n,2,302.27,132.9,D,0,2
20.23712,82.18032,332.46,0.39,0.6,2025-03-08,703,N,VIIRS,l,2,307.04,2.87,D,0,1
22.35379,82.29285,341.47,0.55,0.51,2025-01-08,710,N,VIIRS,n,2,305.88,6.05,D,2,101
21.9283,85.21935,300.01,0.34,0.56,2025-02-06,2035,N,VIIRS,n,2,287.91,0.92,N,2,165
20.79628,85.25337,331.09,0.63,0.54,2025-03-19,656,N,VIIRS,n,2,300.61,6.76,D,2,87
20.96803,85.17475,307.56,0.52,0.42,2025-03-27,2016,N,VIIRS,n,2,297.46,2.56,N,2,273
20.98288,85.13857,316.76,0.6,0.7,2025-03-20,1907,N,VIIRS,n,2,289.51,1.53,N,2,216
22.57903,74.0157,351.67,0.33,0.55,2025-03-13,851,N,VIIRS,n,2,312.53,2.85,D,0,1
28.46527,80.64487,335.98,0.46,0.39,2025-03-28,730,N,VIIRS,n,2,309.15,1.84,D,0,1
20.55223,81.67937,334.35,0.61,0.53,2025-03-04,818,N,VIIRS,l,2,308.59,9.02,D,0,1
19.28751,79.02003,338.99,0.5,0.49,2025-02-21,825,N,VIIRS,l,2,311.18,2.29,D,0,2
21.53209,86.83223,302.49,0.53,0.42,2025-02-18,2010,N,VIIRS,n,2,291.75,0.79,N,2,26
21.19682,82.09884,342.2,0.52,0.5,2025-02-27,812,N,VIIRS,n,2,312.66,7.32,D,0,1
21.21047,82.13705,297.83,0.45,0.63,2025-01-20,2054,N,VIIRS,n,2,286.36,0.87,N,0,62
23.80592,84.84679,301.63,0.52,0.5,2025-03-08,1931,N,VIIRS,n,2,289.73,0.99,N,2,64
13.55892,76.40591,352.6,0.4,0.37,2025-02-06,804,N,VIIRS,n,2,314.57,5.14,D,0,1
23.66238,84.99915,301.2,0.4,0.44,2025-02-09,1938,N,VIIRS,n,2,284.19,0.66,N,2,41
22.79256,86.19693,312.27,0.41,0.45,2025-01-19,1932,N,VIIRS,n,2,292.04,0.96,N,3,220
19.73352,82.67685,334.88,0.44,0.38,2025-03-16,753,N,VIIRS,l,2,309.39,2.39,D,0,3
15.56247,78.23242,346.95,0.54,0.51,2025-03-17,733,N,VIIRS,l,2,317.83,8.09,D,0,4
24.80913,83.55656,353.85,0.35,0.57,2025-03-31,813,N,VIIRS,n,2,313.76,5.96,D,0,2
22.50776,92.75705,331.04,0.49,0.48,2025-03-15,632,N,VIIRS,n,2,300.97,7.15,D,0,3
18.20324,81.47788,337.12,0.38,0.36,2025-03-11,746,N,VIIRS,n,2,311.86,1.38,D,0,1
18.12398,82.37041,336.1,0.39,0.36,2025-02-23,746,N,VIIRS,l,2,309.71,2.48,D,0,2
23.77728,86.39668,300.25,0.57,0.69,2025-02-16,2047,N,VIIRS,n,2,288.98,2.63,N,2,59
25.20287,93.56189,348.36,0.49,0.4,2025-03-20,638,N,VIIRS,n,2,297.6,40.05,D,0,2
20.28764,79.68481,341.71,0.57,0.69,2025-03-08,844,N,VIIRS,n,2,306.0,7.62,D,0,1
21.79209,80.0188,299.15,0.5,0.41,2025-02-06,2035,N,VIIRS,n,2,288.65,0.35,N,0,29
25.37331,93.15594,367.0,0.71,0.75,2025-03-16,754,N,VIIRS,h,2,293.69,14.06,D,0,4
18.00045,80.46726,348.34,0.38,0.36,2025-03-16,752,N,VIIRS,n,2,314.59,3.6,D,0,2
22.54476,92.75811,322.7,0.42,0.37,2025-03-29,1937,N,VIIRS,n,2,293.55,3.3,N,0,7
19.08715,78.60678,348.38,0.38,0.36,2025-03-05,759,N,VIIRS,n,2,313.36,9.76,D,0,8
22.31215,82.52823,305.46,0.38,0.36,2025-03-06,2010,N,VIIRS,n,2,292.24,2.13,N,2,70
24.42227,73.51416,305.15,0.45,0.39,2025-03-14,2059,N,VIIRS,n,2,291.81,0.86,N,0,1
19.9163,80.64741,347.72,0.39,0.36,2025-03-16,753,N,VIIRS,n,2,312.35,3.82,D,0,1
21.02366,80.36167,335.66,0.5,0.41,2025-03-17,734,N,VIIRS,l,2,308.98,4.24,D,0,2
16.64431,78.64767,340.57,0.39,0.36,2025-03-21,758,N,VIIRS,l,2,311.84,4.57,D,0,1
21.92188,83.35149,320.28,0.6,0.53,2025-01-19,1932,N,VIIRS,n,2,294.43,3.83,N,2,390
21.98791,82.01492,302.37,0.36,0.58,2025-01-19,1932,N,VIIRS,n,2,287.65,0.74,N,0,12
15.65853,73.99078,310.36,0.43,0.62,2025-03-13,2121,N,VIIRS,n,2,292.67,0.94,N,2,87
22.56601,92.78886,309.1,0.49,0.48,2025-03-12,1956,N,VIIRS,n,2,290.36,2.69,N,0,10
18.54576,81.01255,335.13,0.41,0.45,2025-03-15,811,N,VIIRS,l,2,308.63,4.24,D,0,1
21.18389,84.97829,303.45,0.44,0.38,2025-03-06,2010,N,VIIRS,n,2,290.48,1.11,N,0,3
23.66543,86.92181,308.56,0.42,0.38,2025-03-17,2003,N,VIIRS,n,2,292.8,1.14,N,2,144
15.17668,76.65702,335.39,0.42,0.45,2025-01-06,746,N,VIIRS,n,2,304.72,3.32,D,2,187
23.73953,92.20869,344.99,0.47,0.48,2025-03-28,728,N,VIIRS,n,2,303.65,7.52,D,0,2
20.85555,83.0869,305.17,0.48,0.4,2025-03-07,1951,N,VIIRS,n,2,293.65,1.52,N,0,2
26.25906,74.09588,306.49,0.34,0.56,2025-02-14,2124,N,VIIRS,n,2,289.76,0.98,N,2,36
17.37993,73.79791,331.1,0.46,0.63,2025-02-19,902,N,VIIRS,n,2,301.04,2.35,D,0,1
23.77945,86.34687,308.59,0.51,0.66,2025-01-15,1906,N,VIIRS,n,2,285.74,1.8,N,2,199
23.74572,85.50549,305.13,0.47,0.48,2025-03-08,1931,N,VIIRS,n,2,287.97,1.38,N,2,34
21.63398,84.002,337.38,0.45,0.39,2025-02-23,747,N,VIIRS,n,2,308.45,5.15,D,0,1
18.38951,75.82607,350.48,0.42,0.37,2025-02-16,818,N,VIIRS,n,2,318.08,8.07,D,0,1
22.80111,86.08887,317.8,0.34,0.56,2025-03-14,1919,N,VIIRS,n,2,297.62,2.39,N,2,166
23.75607,85.85304,306.72,0.38,0.36,2025-01-23,1957,N,VIIRS,n,2,290.31,1.62,N,2,83
18.35513,80.11855,339.9,0.41,0.37,2025-03-27,746,N,VIIRS,n,2,311.42,3.1,D,0,1
21.87679,83.55623,300.97,0.42,0.45,2025-03-05,2028,N,VIIRS,n,2,289.76,0.9,N,2,51
21.95081,82.48833,344.88,0.53,0.42,2025-01-02,722,N,VIIRS,n,2,303.14,9.61,D,0,6
23.82539,85.50132,307.15,0.32,0.55,2025-01-05,2034,N,VIIRS,n,2,290.32,0.73,N,2,47
20.78904,85.26208,331.78,0.42,0.61,2025-01-26,812,N,VIIRS,n,2,299.86,5.36,D,2,248
13.88174,76.50698,354.52,0.47,0.64,2025-02-08,727,N,VIIRS,n,2,304.25,13.56,D,0,2
21.90883,77.18624,338.76,0.43,0.38,2025-03-31,812,N,VIIRS,l,2,311.18,3.32,D,0,2
24.31229,78.60665,347.14,0.44,0.38,2025-03-26,806,N,VIIRS,n,2,316.87,8.03,D,0,4
20.43461,80.75609,340.71,0.48,0.48,2025-03-07,722,N,VIIRS,l,2,311.46,2.56,D,0,2
20.96551,85.17318,304.83,0.57,0.69,2025-01-15,1907,N,VIIRS,n,2,288.68,2.93,N,2,273
22.4239,83.75465,334.58,0.45,0.39,2025-01-02,722,N,VIIRS,n,2,304.07,3.23,D,0,1
16.62772,74.01394,306.39,0.42,0.38,2025-03-05,2030,N,VIIRS,n,2,292.62,0.75,N,0,1
21.75749,83.8441,331.65,0.35,0.57,2025-01-30,657,N,VIIRS,n,2,299.73,3.7,D,2,171
22.00814,84.8782,312.25,0.39,0.6,2025-03-15,2041,N,VIIRS,n,2,293.38,1.79,N,0,1
23.20632,92.77074,367.0,0.41,0.61,2025-03-06,741,N,VIIRS,h,2,323.67,199.99,D,0,10
23.77815,86.38842,299.79,0.45,0.63,2025-02-27,2040,N,VIIRS,n,2,286.44,0.81,N,2,400
22.02277,83.37936,304.89,0.49,0.65,2025-03-25,2053,N,VIIRS,n,2,293.61,0.96,N,2,51
23.7567,85.85474,312.49,0.44,0.46,2025-02-04,1932,N,VIIRS,n,2,292.36,2.77,N,2,83
19.07003,81.99088,348.51,0.47,0.4,2025-03-21,759,N,VIIRS,n,2,311.92,4.99,D,0,1
20.9115,82.97462,307.32,0.42,0.38,2025-03-12,1957,N,VIIRS,n,2,297.27,2.22,N,0,1
15.78073,78.81705,342.62,0.52,0.41,2025-03-20,817,N,VIIRS,n,2,312.5,12.53,D,0,2
23.16603,82.33599,352.92,0.45,0.39,2025-03-12,729,N,VIIRS,n,2,317.38,7.26,D,2,394
20.9678,86.00475,305.65,0.4,0.44,2025-02-07,2016,N,VIIRS,n,2,292.96,1.98,N,2,101
22.36855,87.30331,300.01,0.4,0.37,2025-01-13,1944,N,VIIRS,n,2,289.41,0.71,N,2,163
21.8692,83.70545,318.25,0.41,0.37,2025-03-12,1957,N,VIIRS,n,2,292.91,1.53,N,0,2
21.69148,75.43754,354.77,0.4,0.44,2025-03-14,831,N,VIIRS,n,2,320.04,14.65,D,0,2
15.26591,76.00134,338.05,0.4,0.37,2025-02-22,805,N,VIIRS,l,2,311.53,20.12,D,0,2
18.20561,82.31876,333.95,0.38,0.43,2025-03-26,805,N,VIIRS,l,2,306.5,1.63,D,0,3
23.47744,82.69604,348.6,0.41,0.37,2025-03-27,747,N,VIIRS,n,2,316.73,6.38,D,0,2
23.7956,85.40321,304.27,0.39,0.36,2025-03-28,1956,N,VIIRS,n,2,294.04,0.5,N,0,1
20.0402,82.26964,340.12,0.43,0.38,2025-03-16,753,N,VIIRS,n,2,308.62,2.72,D,0,4
20.31874,80.53104,302.68,0.44,0.46,2025-03-07,1951,N,VIIRS,n,2,292.12,0.99,N,0,3
22.10799,83.52502,315.58,0.42,0.37,2025-03-28,1957,N,VIIRS,n,2,297.82,1.86,N,2,69
24.62998,93.07729,332.76,0.4,0.37,2025-03-08,704,N,VIIRS,n,2,299.21,1.8,D,0,2
25.75969,90.67896,335.4,0.43,0.38,2025-03-18,716,N,VIIRS,n,2,305.17,41.59,D,0,4
22.17044,83.32319,340.54,0.61,0.53,2025-03-08,703,N,VIIRS,n,2,309.48,6.32,D,0,3
20.79352,85.25395,342.73,0.36,0.57,2025-02-06,2035,N,VIIRS,n,2,293.67,5.59,N,2,120
25.60417,94.16679,331.64,0.44,0.38,2025-03-24,703,N,VIIRS,n,2,303.77,2.73,D,0,2
26.50036,93.1352,333.35,0.39,0.36,2025-03-30,651,N,VIIRS,n,2,302.2,3.31,D,0,5
23.55382,87.2401,323.63,0.37,0.58,2025-03-25,1912,N,VIIRS,n,2,294.68,1.61,N,2,85
12.88698,78.59843,338.15,0.45,0.39,2025-03-16,751,N,VIIRS,l,2,306.57,10.11,D,0,3
20.78489,85.26802,300.05,0.41,0.37,2025-01-12,2004,N,VIIRS,n,2,288.65,0.96,N,2,15
23.36465,83.8539,299.59,0.39,0.44,2025-03-18,1944,N,VIIRS,n,2,286.58,0.43,N,0,1
22.35341,82.29623,306.64,0.45,0.39,2025-01-11,2022,N,VIIRS,n,2,282.94,3.85,N,2,40
17.67775,82.26587,306.86,0.5,0.41,2025-03-16,2023,N,VIIRS,n,2,294.93,2.09,N,0,1
13.49359,78.03316,350.39,0.38,0.36,2025-02-06,804,N,VIIRS,n,2,313.71,3.53,D,0,1
26.57614,92.33057,342.88,0.4,0.37,2025-02-20,704,N,VIIRS,n,2,298.5,5.47,D,0,1
15.29643,75.69892,343.39,0.49,0.49,2025-03-11,746,N,VIIRS,n,2,312.55,4.22,D,0,1
22.48891,92.53008,336.3,0.48,0.65,2025-03-27,747,N,VIIRS,n,2,297.95,4.03,D,0,1
20.96738,86.01488,319.5,0.39,0.36,2025-03-12,1957,N,VIIRS,n,2,299.6,2.18,N,2,190
23.7573,85.85567,300.51,0.43,0.62,2025-02-11,2041,N,VIIRS,n,2,287.58,1.73,N,2,79
21.43452,82.67416,333.84,0.38,0.36,2025-01-01,741,N,VIIRS,n,2,303.75,3.37,D,0,1
22.00442,82.26474,336.38,0.56,0.51,2025-02-09,710,N,VIIRS,n,2,307.11,2.81,D,0,2
23.56024,87.24088,301.97,0.43,0.46,2025-01-06,2015,N,VIIRS,n,2,288.49,1.34,N,2,247
22.12167,84.09183,337.46,0.4,0.37,2025-03-12,728,N,VIIRS,l,2,312.22,2.92,D,0,1
27.26097,84.11269,345.04,0.43,0.46,2025-02-20,705,N,VIIRS,n,2,301.17,15.08,D,0,3
24.12168,86.86098,304.21,0.42,0.38,2025-02-13,2003,N,VIIRS,n,2,286.73,0.99,N,2,132
23.44734,78.73712,310.0,0.5,0.41,2025-03-22,2009,N,VIIRS,n,2,291.83,1.94,N,0,2
21.82109,83.60572,337.95,0.41,0.37,2025-03-12,728,N,VIIRS,l,2,311.95,5.62,D,0,1
19.80388,80.21333,335.2,0.56,0.43,2025-03-31,812,N,VIIRS,n,2,308.07,3.56,D,0,2
15.16843,76.38113,306.3,0.49,0.4,2025-02-11,2043,N,VIIRS,n,2,294.09,1.56,N,2,115
29.72196,79.67778,353.78,0.44,0.63,2025-03-30,833,N,VIIRS,n,2,301.57,14.79,D,0,1
19.78213,80.2493,355.2,0.4,0.37,2025-03-27,746,N,VIIRS,n,2,312.86,9.24,D,0,1
20.89153,83.2833,342.02,0.41,0.45,2025-03-02,716,N,VIIRS,n,2,304.18,3.97,D,0,1
21.07862,83.3167,338.8,0.41,0.45,2025-03-02,716,N,VIIRS,n,2,305.48,5.94,D,0,2
20.97041,85.1529,308.25,0.44,0.46,2025-02-12,2023,N,VIIRS,n,2,294.66,1.79,N,2,70
23.28685,79.55396,350.18,0.59,0.53,2025-03-25,825,N,VIIRS,n,2,317.81,13.21,D,0,1
22.31955,82.56306,303.66,0.54,0.68,2025-02-10,1920,N,VIIRS,n,2,290.18,1.7,N,2,87
22.08221,78.67228,367.0,0.32,0.55,2025-03-14,831,N,VIIRS,h,2,316.35,10.42,D,0,2
25.8728,90.55128,328.67,0.59,0.53,2025-03-27,2014,N,VIIRS,n,2,290.52,4.24,N,0,2
25.70416,94.04863,335.53,0.34,0.56,2025-03-16,614,N,VIIRS,n,2,299.4,2.82,D,0,5
23.6786,86.08842,297.29,0.44,0.63,2025-01-10,2040,N,VIIRS,n,2,285.08,1.3,N,2,228
22.20975,84.86073,306.95,0.5,0.49,2025-03-08,1932,N,VIIRS,n,2,293.31,2.26,N,2,158
23.81931,85.49607,297.95,0.42,0.45,2025-01-27,2022,N,VIIRS,n,2,283.83,0.9,N,2,119
21.69694,80.88912,338.94,0.44,0.62,2025-03-30,831,N,VIIRS,n,2,306.87,4.59,D,0,2
20.98834,83.0078,333.25,0.37,0.58,2025-03-04,819,N,VIIRS,l,2,307.3,3.43,D,0,2
20.65282,80.11503,331.19,0.48,0.48,2025-03-20,818,N,VIIRS,l,2,305.31,2.15,D,0,1
15.1787,76.66402,305.03,0.42,0.61,2025-02-15,2108,N,VIIRS,n,2,294.84,2.6,N,2,187
25.79364,90.96865,329.59,0.54,0.51,2025-03-15,633,N,VIIRS,n,2,291.4,5.25,D,0,2
15.4092,74.88556,344.11,0.56,0.51,2025-03-11,746,N,VIIRS,n,2,310.29,6.43,D,0,1
23.77539,86.36317,327.99,0.41,0.37,2025-03-17,2003,N,VIIRS,n,2,297.91,4.6,N,2,72
23.6125,74.77084,340.82,0.5,0.66,2025-03-23,723,N,VIIRS,l,2,312.39,4.63,D,0,2
14.06302,78.56567,354.98,0.42,0.45,2025-02-18,739,N,VIIRS,n,2,310.99,7.0,D,0,5
20.97092,86.00138,322.13,0.39,0.36,2025-03-28,1957,N,VIIRS,n,2,299.38,3.27,N,2,101
26.64179,79.47561,303.92,0.59,0.7,2025-01-19,1931,N,VIIRS,n,2,285.19,0.83,N,2,131
22.57281,85.89561,320.62,0.39,0.37,2025-01-02,1951,N,VIIRS,n,2,290.52,2.27,N,0,118
23.78269,86.34559,301.03,0.51,0.5,2025-01-30,1925,N,VIIRS,n,2,289.98,1.63,N,2,199
16.0788,74.44828,352.4,0.4,0.37,2025-02-11,811,N,VIIRS,n,2,315.32,6.24,D,0,2
13.63261,78.75854,344.02,0.51,0.49,2025-03-14,829,N,VIIRS,l,2,315.37,8.96,D,0,2
24.16714,80.69748,299.1,0.76,0.77,2025-02-09,2118,N,VIIRS,n,2,284.8,0.93,N,2,28
26.77928,94.82056,331.8,0.39,0.36,2025-02-21,646,N,VIIRS,n,2,295.79,2.25,D,0,1
14.14296,75.42547,339.57,0.43,0.38,2025-03-10,804,N,VIIRS,l,2,310.68,2.78,D,0,1
21.80581,77.08236,298.28,0.39,0.36,2025-03-05,2029,N,VIIRS,n,2,285.97,0.58,N,0,2
25.75584,84.38945,333.05,0.65,0.73,2025-02-21,826,N,VIIRS,n,2,297.49,6.25,D,0,2
22.32717,82.59149,303.94,0.58,0.52,2025-01-26,2041,N,VIIRS,n,2,288.97,1.81,N,2,14
21.77006,84.02248,303.05,0.41,0.37,2025-01-17,2010,N,VIIRS,n,2,286.77,0.73,N,2,248
14.14939,77.43002,367.0,0.56,0.69,2025-03-02,855,N,VIIRS,h,2,308.28,17.71,D,0,2
23.54786,87.24706,311.0,0.39,0.37,2025-03-12,1956,N,VIIRS,n,2,294.06,0.88,N,2,55
22.5358,92.64143,367.0,0.5,0.49,2025-03-15,632,N,VIIRS,h,2,306.89,20.04,D,0,2
17.42264,77.30884,346.46,0.57,0.69,2025-03-02,715,N,VIIRS,n,2,310.58,4.36,D,0,1
13.87344,78.41944,339.2,0.44,0.46,2025-03-06,739,N,VIIRS,l,2,312.01,5.19,D,0,1
23.77871,86.36466,301.09,0.47,0.48,2025-02-12,2022,N,VIIRS,n,2,291.0,1.66,N,2,72
23.82841,84.93156,339.5,0.45,0.39,2025-01-29,717,N,VIIRS,n,2,309.36,4.92,D,0,162
12.85524,79.90622,297.41,0.45,0.39,2025-01-27,2025,N,VIIRS,n,2,279.83,0.24,N,2,13
21.18792,81.39086,330.17,0.42,0.38,2025-01-28,2004,N,VIIRS,n,2,294.72,3.35,N,2,109
24.83205,73.96232,338.86,0.45,0.39,2025-03-21,801,N,VIIRS,n,2,310.28,2.08,D,0,1
18.32008,80.95556,335.55,0.39,0.36,2025-03-27,746,N,VIIRS,l,2,310.29,5.71,D,0,1
26.56541,93.43601,346.67,0.58,0.52,2025-03-21,620,N,VIIRS,n,2,290.6,42.3,D,0,1
22.75693,86.07654,332.9,0.39,0.36,2025-02-19,722,N,VIIRS,n,2,299.5,1.32,D,0,1
21.30948,81.59229,310.93,0.41,0.45,2025-02-22,2035,N,VIIRS,n,2,292.64,0.92,N,2,68
14.1879,77.84281,302.71,0.44,0.62,2025-02-25,1941,N,VIIRS,n,2,292.1,1.11,N,0,1
25.75877,92.45898,331.16,0.53,0.42,2025-03-02,717,N,VIIRS,n,2,300.04,5.68,D,0,1
23.82947,84.93461,316.4,0.5,0.41,2025-03-02,1944,N,VIIRS,n,2,292.63,1.99,N,2,162
22.32323,82.56214,307.39,0.41,0.37,2025-02-07,2016,N,VIIRS,n,2,291.86,1.54,N,2,87
25.09213,73.66128,305.26,0.38,0.36,2025-03-20,2047,N,VIIRS,n,2,289.98,0.54,N,0,2
18.31998,79.96948,331.43,0.38,0.36,2025-01-11,753,N,VIIRS,n,2,301.23,1.22,D,0,2
21.76001,84.02696,300.7,0.58,0.52,2025-02-06,2035,N,VIIRS,n,2,290.01,1.87,N,2,55
13.97331,77.96635,305.5,0.42,0.45,2025-02-24,2000,N,VIIRS,n,2,292.19,1.29,N,0,2
20.47328,79.79527,342.42,0.57,0.52,2025-03-25,824,N,VIIRS,n,2,311.41,9.8,D,0,1
20.36304,83.21951,332.18,0.54,0.51,2025-03-29,709,N,VIIRS,l,2,305.67,4.76,D,0,2
20.98011,85.13382,309.35,0.4,0.37,2025-03-17,2003,N,VIIRS,n,2,292.75,1.72,N,2,201
23.68605,86.38956,308.55,0.71,0.75,2025-01-04,2053,N,VIIRS,n,2,287.65,3.99,N,2,235
24.63283,93.7038,345.11,0.77,0.77,2025-02-28,754,N,VIIRS,n,2,288.29,15.77,D,0,2
22.04258,83.73655,345.9,0.45,0.47,2025-01-08,710,N,VIIRS,n,2,314.15,12.42,D,2,243
25.6561,92.52279,325.76,0.41,0.61,2025-01-27,614,N,VIIRS,n,2,290.05,2.89,D,0,1
19.23532,78.7813,344.49,0.52,0.41,2025-03-06,740,N,VIIRS,n,2,314.0,9.85,D,0,5
20.78522,85.25996,310.02,0.54,0.42,2025-02-25,1939,N,VIIRS,n,2,294.86,1.72,N,2,248
20.31111,83.94478,345.01,0.43,0.38,2025-03-27,746,N,VIIRS,n,2,309.2,4.22,D,0,2
26.2729,74.18945,298.59,0.41,0.45,2025-01-27,2022,N,VIIRS,n,2,287.09,0.96,N,2,72
19.11004,73.04144,304.35,0.39,0.44,2025-02-12,2024,N,VIIRS,n,2,294.18,0.91,N,0,9
17.58429,77.21648,340.97,0.4,0.37,2025-03-05,759,N,VIIRS,l,2,314.68,3.38,D,0,2
22.31645,82.56081,330.0,0.41,0.37,2025-02-07,2016,N,VIIRS,n,2,290.12,1.9,N,2,87
23.77934,86.39149,338.22,0.45,0.47,2025-01-30,658,N,VIIRS,n,2,304.91,9.38,D,2,400
16.30292,75.49543,297.72,0.39,0.36,2025-01-05,2037,N,VIIRS,n,2,284.71,0.49,N,0,2
24.61354,85.72507,343.45,0.5,0.41,2025-03-29,710,N,VIIRS,l,2,313.64,4.76,D,0,10
21.9829,83.23122,301.29,0.48,0.4,2025-01-02,1951,N,VIIRS,n,2,288.03,1.2,N,2,69
21.87603,83.49411,304.14,0.59,0.53,2025-02-20,1932,N,VIIRS,n,2,291.33,1.37,N,2,20
20.11597,81.46638,308.97,0.33,0.56,2025-03-04,2048,N,VIIRS,n,2,291.28,0.65,N,0,1
21.77513,83.76455,344.19,0.39,0.37,2025-03-06,741,N,VIIRS,n,2,313.15,5.19,D,0,1
22.04362,83.72838,305.18,0.4,0.37,2025-01-17,2010,N,VIIRS,n,2,287.45,6.38,N,2,440
25.66878,90.29293,340.22,0.39,0.44,2025-03-12,729,N,VIIRS,n,2,291.12,4.6,D,0,1
19.93535,84.30338,308.65,0.5,0.41,2025-03-18,1945,N,VIIRS,n,2,294.06,1.96,N,0,2
25.43493,92.81678,347.57,0.52,0.67,2025-03-27,607,N,VIIRS,n,2,291.6,22.77,D,0,4
23.96827,84.86368,338.23,0.51,0.41,2025-03-27,747,N,VIIRS,n,2,312.26,2.15,D,0,1
24.60196,93.4911,340.73,0.48,0.48,2025-03-07,722,N,VIIRS,n,2,299.14,14.0,D,0,3
23.7848,86.20837,307.19,0.44,0.63,2025-02-27,2040,N,VIIRS,n,2,286.06,1.26,N,2,324
20.81059,78.01559,349.16,0.4,0.37,2025-02-12,754,N,VIIRS,n,2,313.47,4.0,D,0,8
19.2503,82.8849,341.5,0.41,0.37,2025-03-17,734,N,VIIRS,l,2,316.25,5.9,D,0,2
13.53259,79.36432,352.91,0.41,0.37,2025-02-28,751,N,VIIRS,n,2,290.64,11.24,D,0,1
21.73149,83.82223,333.84,0.4,0.37,2025-02-18,741,N,VIIRS,l,2,308.62,2.82,D,0,51
20.07592,80.05748,337.41,0.45,0.39,2025-03-22,740,N,VIIRS,l,2,308.48,2.42,D,0,2
21.756,84.02418,308.15,0.56,0.43,2025-01-27,2023,N,VIIRS,n,2,290.68,2.75,N,2,252
21.67457,82.07966,305.85,0.36,0.57,2025-02-04,1932,N,VIIRS,n,2,294.04,0.87,N,2,83
22.07635,92.67646,347.42,0.48,0.48,2025-03-28,728,N,VIIRS,n,2,303.11,10.82,D,0,3
23.73701,85.01487,315.22,0.63,0.72,2025-03-04,1906,N,VIIRS,n,2,291.56,2.69,N,2,201
21.79052,80.01526,302.59,0.5,0.49,2025-03-04,2048,N,VIIRS,n,2,291.77,0.77,N,0,29
23.16679,82.33273,321.63,0.59,0.7,2025-03-14,1919,N,VIIRS,n,2,294.58,8.07,N,2,64
13.79006,77.18526,342.67,0.34,0.56,2025-02-04,842,N,VIIRS,n,2,307.54,3.31,D,0,1
23.3098,73.14918,342.19,0.44,0.38,2025-03-26,806,N,VIIRS,l,2,313.34,5.22,D,0,1
29.32841,77.30863,325.2,0.52,0.41,2025-01-28,737,N,VIIRS,l,2,295.31,2.43,D,0,1
23.68439,86.39507,316.62,0.37,0.58,2025-01-21,2034,N,VIIRS,n,2,290.9,1.78,N,2,180
18.57579,78.56067,333.81,0.57,0.52,2025-03-14,830,N,VIIRS,l,2,306.21,3.93,D,0,1
23.50047,82.24633,331.97,0.56,0.69,2025-03-14,832,N,VIIRS,l,2,304.2,4.74,D,0,1
19.04809,73.74878,320.78,0.57,0.52,2025-03-06,2011,N,VIIRS,n,2,290.4,2.97,N,0,3
20.39569,80.87447,333.3,0.42,0.61,2025-03-30,831,N,VIIRS,l,2,305.88,2.7,D,0,1
23.77702,86.3943,308.66,0.48,0.4,2025-02-02,2009,N,VIIRS,n,2,296.99,2.44,N,2,400
19.1015,82.16795,305.86,0.78,0.78,2025-01-14,2107,N,VIIRS,n,2,286.1,2.32,N,2,164
20.65309,79.69795,345.38,0.45,0.39,2025-03-06,741,N,VIIRS,n,2,314.09,14.3,D,0,1
21.74538,83.8224,330.15,0.4,0.37,2025-01-07,728,N,VIIRS,l,2,302.7,2.21,D,0,15
18.72201,79.5378,314.1,0.48,0.48,2025-02-19,1952,N,VIIRS,n,2,295.05,2.15,N,2,123
22.87339,86.06255,307.94,0.42,0.61,2025-02-21,1913,N,VIIRS,n,2,289.37,1.2,N,2,89
21.24385,79.22261,307.96,0.45,0.47,2025-03-28,1957,N,VIIRS,n,2,295.56,2.33,N,2,15
14.24698,77.11069,331.14,0.79,0.78,2025-02-15,1928,N,VIIRS,n,2,293.08,10.91,N,0,1
20.90993,71.45979,314.94,0.38,0.58,2025-03-07,2132,N,VIIRS,n,2,295.86,1.37,N,2,105
28.99821,76.62643,325.89,0.49,0.4,2025-01-26,815,N,VIIRS,n,2,293.75,2.25,D,0,2
23.69407,87.11578,303.17,0.39,0.36,2025-02-24,1957,N,VIIRS,n,2,290.36,2.29,N,2,312
22.03444,83.3634,304.63,0.61,0.71,2025-03-30,2059,N,VIIRS,n,2,293.49,2.4,N,2,93
22.57015,92.68044,341.46,0.5,0.49,2025-03-12,728,N,VIIRS,n,2,294.34,12.02,D,0,1
22.04557,83.74029,305.05,0.4,0.37,2025-01-23,1957,N,VIIRS,n,2,290.9,1.28,N,2,28
22.28444,78.98267,353.61,0.41,0.37,2025-03-27,747,N,VIIRS,n,2,322.81,6.4,D,0,1
21.7761,85.01426,336.74,0.39,0.44,2025-03-13,709,N,VIIRS,l,2,309.29,2.28,D,0,2
18.53632,76.5966,338.05,0.53,0.42,2025-02-05,825,N,VIIRS,n,2,306.88,3.68,D,0,1
26.96174,93.15618,333.11,0.39,0.36,2025-03-19,658,N,VIIRS,n,2,296.83,2.98,D,0,1
23.77584,86.36552,334.69,0.35,0.57,2025-01-04,645,N,VIIRS,n,2,300.31,2.95,D,2,162
25.64279,92.56623,342.56,0.53,0.42,2025-03-04,639,N,VIIRS,n,2,297.16,4.88,D,0,1
23.70915,85.40543,300.99,0.39,0.59,2025-03-15,2040,N,VIIRS,n,2,288.87,0.55,N,0,2
23.16637,82.33716,353.67,0.34,0.56,2025-03-08,704,N,VIIRS,n,2,311.2,5.11,D,2,394
23.5623,87.24067,323.91,0.56,0.69,2025-01-26,1900,N,VIIRS,n,2,285.11,3.67,N,2,247
19.62771,73.75895,315.1,0.47,0.39,2025-03-21,2029,N,VIIRS,n,2,290.24,1.46,N,0,1
14.87391,78.05337,317.99,0.53,0.5,2025-02-03,1953,N,VIIRS,n,2,292.46,2.4,N,2,13
14.09867,78.67027,340.77,0.42,0.45,2025-02-18,739,N,VIIRS,l,2,311.5,4.68,D,0,2
29.24521,77.19486,330.04,0.4,0.37,2025-02-17,802,N,VIIRS,n,2,299.14,1.63,D,0,3
24.13255,82.62078,309.53,0.41,0.37,2025-03-17,2003,N,VIIRS,n,2,293.63,1.09,N,0,54
21.83172,83.78498,343.91,0.38,0.36,2025-03-01,735,N,VIIRS,n,2,308.73,5.69,D,0,1
23.63647,85.05386,339.81,0.56,0.43,2025-03-29,710,N,VIIRS,l,2,311.19,6.86,D,0,1
13.99123,77.90334,352.59,0.38,0.59,2025-02-04,842,N,VIIRS,n,2,303.33,3.9,D,0,2
21.76092,84.02158,310.42,0.44,0.46,2025-02-25,1938,N,VIIRS,n,2,294.55,1.99,N,2,252
20.9094,71.45836,310.27,0.48,0.48,2025-02-09,2120,N,VIIRS,n,2,292.64,1.82,N,2,105
25.69705,91.15845,329.88,0.54,0.68,2025-03-16,754,N,VIIRS,n,2,295.64,4.1,D,0,1
22.21343,84.8659,299.82,0.4,0.6,2025-02-27,2041,N,VIIRS,n,2,289.02,1.19,N,2,123
25.54103,93.70506,307.24,0.6,0.53,2025-03-17,2002,N,VIIRS,n,2,290.42,1.86,N,0,2
24.42663,78.19186,345.55,0.44,0.63,2025-02-09,711,N,VIIRS,n,2,307.12,6.09,D,0,1
21.38351,83.37608,353.02,0.41,0.45,2025-03-18,715,N,VIIRS,n,2,311.55,4.61,D,0,1
22.79915,86.08855,303.69,0.57,0.43,2025-02-07,2016,N,VIIRS,n,2,288.5,2.95,N,2,166
22.13081,83.5825,333.02,0.37,0.58,2025-03-19,657,N,VIIRS,n,2,302.73,3.66,D,0,1
22.71029,77.56945,335.24,0.59,0.7,2025-03-29,1938,N,VIIRS,n,2,287.6,3.98,N,0,2
25.75743,76.88766,367.0,0.45,0.39,2025-03-31,813,N,VIIRS,h,2,323.87,15.04,D,0,1
28.24356,77.80007,339.24,0.44,0.39,2025-03-26,808,N,VIIRS,n,2,311.15,3.02,D,0,2
23.76455,86.40492,304.94,0.37,0.58,2025-01-05,2034,N,VIIRS,n,2,289.96,1.64,N,2,481
20.78992,82.90461,351.7,0.46,0.64,2025-03-09,825,N,VIIRS,n,2,305.47,4.97,D,0,3
20.35503,82.55993,303.06,0.39,0.36,2025-03-06,2010,N,VIIRS,n,2,292.56,1.09,N,0,12
19.66154,80.10094,306.51,0.44,0.46,2025-03-15,2042,N,VIIRS,n,2,295.99,1.12,N,0,1
29.64808,79.67422,325.45,0.47,0.4,2025-02-08,731,N,VIIRS,n,2,297.35,3.9,D,0,1
27.60697,95.39967,299.84,0.56,0.43,2025-03-02,1943,N,VIIRS,n,2,285.66,0.58,N,2,36
21.65158,84.11625,335.2,0.38,0.36,2025-01-28,735,N,VIIRS,n,2,304.91,1.81,D,0,1
23.53496,81.82774,338.61,0.46,0.39,2025-03-12,729,N,VIIRS,n,2,311.71,2.38,D,0,6
15.17974,76.657,304.15,0.67,0.74,2025-01-24,2121,N,VIIRS,n,2,291.21,4.1,N,2,187
23.74196,86.42419,302.09,0.32,0.55,2025-02-10,1919,N,VIIRS,n,2,289.83,0.98,N,2,17
22.3844,76.48466,342.49,0.41,0.37,2025-03-15,813,N,VIIRS,n,2,309.78,2.53,D,0,2
23.57248,87.57722,344.75,0.43,0.38,2025-03-29,709,N,VIIRS,n,2,312.99,9.07,D,0,1
21.79921,79.01068,348.83,0.41,0.37,2025-03-11,747,N,VIIRS,n,2,317.17,9.31,D,0,1
17.39106,73.69611,337.7,0.39,0.59,2025-03-22,740,N,VIIRS,n,2,306.02,4.54,D,0,2
25.1567,93.75131,345.21,0.42,0.37,2025-03-09,645,N,VIIRS,n,2,305.23,29.12,D,0,2
23.72218,86.43645,301.33,0.43,0.38,2025-02-14,1944,N,VIIRS,n,2,288.68,1.36,N,2,229
21.72571,80.85424,337.36,0.35,0.57,2025-03-09,825,N,VIIRS,l,2,308.68,2.62,D,0,1
18.81264,82.20332,302.58,0.39,0.59,2025-03-20,2048,N,VIIRS,n,2,292.53,0.8,N,0,4
21.60015,83.00852,330.59,0.5,0.41,2025-01-02,722,N,VIIRS,l,2,303.13,1.85,D,0,2
19.25423,84.4817,318.27,0.42,0.45,2025-03-16,2023,N,VIIRS,n,2,296.11,4.91,N,0,2
15.15032,76.70846,300.63,0.53,0.67,2025-01-08,1940,N,VIIRS,n,2,289.85,0.58,N,2,54
19.07595,82.40939,340.57,0.49,0.4,2025-03-21,759,N,VIIRS,n,2,307.15,3.2,D,0,1
19.97766,80.71522,337.26,0.42,0.38,2025-03-06,741,N,VIIRS,l,2,311.84,5.1,D,0,1
23.61625,86.85992,300.42,0.47,0.64,2025-01-31,1907,N,VIIRS,n,2,288.88,0.77,N,2,19
17.33894,81.62591,340.8,0.41,0.37,2025-03-06,740,N,VIIRS,l,2,312.79,5.99,D,0,1
23.48831,80.78938,347.57,0.45,0.63,2025-03-30,831,N,VIIRS,n,2,313.01,5.63,D,0,4
20.96174,85.16494,309.45,0.4,0.37,2025-01-02,1951,N,VIIRS,n,2,290.34,0.77,N,2,34
21.77518,84.02882,335.98,0.55,0.42,2025-02-12,754,N,VIIRS,n,2,302.33,4.98,D,0,2
22.04524,83.7287,331.48,0.53,0.42,2025-02-28,2022,N,VIIRS,n,2,292.82,7.29,N,2,87
23.02469,92.61246,334.45,0.42,0.38,2025-03-14,651,N,VIIRS,n,2,304.52,19.55,D,0,2
21.76939,78.91411,355.94,0.41,0.37,2025-03-11,747,N,VIIRS,n,2,316.24,8.99,D,0,5
23.66714,86.922,301.43,0.47,0.48,2025-01-14,1925,N,VIIRS,n,2,287.4,0.96,N,2,144
23.30915,93.01196,329.93,0.69,0.74,2025-03-06,601,N,VIIRS,n,2,279.89,10.44,D,0,2
13.39332,79.29915,342.52,0.41,0.37,2025-02-12,752,N,VIIRS,n,2,310.61,5.72,D,0,1
21.75883,83.84398,335.97,0.41,0.37,2025-03-28,728,N,VIIRS,l,2,310.45,3.19,D,2,171
22.11685,80.64656,310.91,0.38,0.36,2025-03-27,2016,N,VIIRS,n,2,289.98,0.74,N,0,1
25.54111,91.23513,298.13,0.4,0.37,2025-02-04,1931,N,VIIRS,n,2,278.39,0.6,N,0,15
28.16452,81.15366,339.96,0.56,0.52,2025-02-11,815,N,VIIRS,n,2,298.45,7.98,D,0,2
17.55292,78.22009,333.04,0.34,0.56,2025-03-03,837,N,VIIRS,n,2,301.1,2.28,D,0,2
26.7562,90.83886,351.59,0.34,0.56,2025-02-18,742,N,VIIRS,n,2,296.37,4.39,D,0,2
16.16794,78.66527,332.96,0.43,0.46,2025-03-09,824,N,VIIRS,l,2,306.02,4.62,D,0,1
13.8146,77.69569,342.74,0.38,0.43,2025-02-07,746,N,VIIRS,n,2,312.76,11.8,D,0,1
24.76487,74.60973,316.94,0.39,0.36,2025-02-11,2041,N,VIIRS,n,2,294.08,1.4,N,2,54
18.17937,80.82443,338.26,0.43,0.38,2025-03-06,740,N,VIIRS,n,2,308.25,5.2,D,0,10
24.18542,82.66245,309.51,0.51,0.5,2025-03-31,2040,N,VIIRS,n,2,290.73,1.47,N,0,11
25.90619,93.40415,334.78,0.49,0.4,2025-03-20,639,N,VIIRS,n,2,300.31,10.22,D,0,1
20.33353,84.13387,304.74,0.42,0.45,2025-03-13,1939,N,VIIRS,n,2,292.41,0.88,N,0,1
21.56612,85.01704,339.75,0.49,0.49,2025-03-08,703,N,VIIRS,n,2,307.2,5.96,D,0,1
20.89929,73.53428,336.01,0.34,0.56,2025-03-06,741,N,VIIRS,l,2,310.73,6.44,D,0,3
23.21479,92.76928,367.0,0.41,0.61,2025-03-06,741,N,VIIRS,l,2,358.2,217.5,D,0,10
17.58413,80.3188,311.67,0.42,0.38,2025-02-12,2024,N,VIIRS,n,2,294.81,1.21,N,2,21
24.14362,94.22178,332.24,0.39,0.36,2025-03-19,657,N,VIIRS,n,2,302.35,11.71,D,0,2
13.29102,78.87308,349.93,0.39,0.36,2025-03-26,803,N,VIIRS,n,2,313.13,6.39,D,0,2
20.79513,85.25224,333.5,0.44,0.46,2025-03-16,2022,N,VIIRS,n,2,289.06,7.13,N,2,87
23.87875,92.49365,337.97,0.51,0.49,2025-02-24,729,N,VIIRS,n,2,294.99,15.91,D,0,1
25.97813,93.38394,332.26,0.39,0.44,2025-03-31,632,N,VIIRS,l,2,302.87,1.75,D,0,1
17.6932,75.74722,334.64,0.53,0.42,2025-01-11,753,N,VIIRS,n,2,299.47,4.75,D,0,1
23.69075,87.0974,306.31,0.37,0.58,2025-02-21,1913,N,VIIRS,n,2,291.94,1.25,N,2,127
26.54198,93.26344,337.33,0.39,0.44,2025-03-31,632,N,VIIRS,n,2,297.75,3.57,D,0,1
23.79101,86.35454,308.75,0.39,0.36,2025-02-19,1950,N,VIIRS,n,2,291.7,1.23,N,2,95
23.67798,86.09389,302.34,0.35,0.56,2025-03-10,2034,N,VIIRS,n,2,291.75,1.02,N,2,228
21.77537,83.82842,302.67,0.46,0.39,2025-03-07,1951,N,VIIRS,n,2,292.18,1.2,N,2,118
22.0457,83.73674,301.38,0.4,0.37,2025-01-17,2010,N,VIIRS,n,2,289.62,1.81,N,2,28
20.76086,85.29957,308.33,0.38,0.36,2025-03-28,1957,N,VIIRS,n,2,297.17,1.02,N,0,83
23.34159,82.31483,298.99,0.6,0.53,2025-03-29,1938,N,VIIRS,n,2,288.6,0.57,N,0,1
25.54613,94.1815,299.94,0.35,0.57,2025-03-05,1847,N,VIIRS,n,2,280.38,1.24,N,0,1
24.1703,82.68163,299.3,0.46,0.39,2025-02-08,1957,N,VIIRS,n,2,285.8,0.5,N,0,18
23.6868,86.39283,330.2,0.47,0.48,2025-01-27,2022,N,VIIRS,n,2,291.4,5.12,N,2,235
23.26975,79.40548,338.54,0.37,0.58,2025-03-14,832,N,VIIRS,n,2,311.98,7.75,D,0,2
21.91528,84.41781,353.44,0.38,0.36,2025-03-17,734,N,VIIRS,n,2,306.38,3.33,D,0,3
24.07796,79.89079,348.11,0.41,0.45,2025-03-31,813,N,VIIRS,n,2,317.09,6.14,D,0,1
21.18052,73.01428,336.37,0.45,0.39,2025-02-10,832,N,VIIRS,l,2,311.29,2.58,D,0,1
17.62837,80.23193,336.68,0.53,0.42,2025-03-31,811,N,VIIRS,n,2,305.45,3.34,D,0,1
15.68495,78.67706,337.31,0.39,0.36,2025-03-21,758,N,VIIRS,l,2,309.32,2.51,D,0,2
21.41655,82.15426,350.27,0.48,0.48,2025-03-18,716,N,VIIRS,n,2,310.82,5.91,D,0,1
22.03989,83.7317,339.81,0.45,0.47,2025-02-09,1939,N,VIIRS,n,2,291.0,5.62,N,2,440
23.49961,92.21572,355.55,0.32,0.55,2025-03-26,625,N,VIIRS,n,2,299.59,21.92,D,0,10
21.96623,85.31256,299.2,0.58,0.7,2025-03-04,1907,N,VIIRS,n,2,287.24,0.84,N,2,56
24.77321,86.57014,352.76,0.45,0.39,2025-03-29,710,N,VIIRS,n,2,317.75,4.48,D,0,7
24.14065,82.6822,299.91,0.52,0.67,2025-01-25,2059,N,VIIRS,n,2,284.8,1.11,N,0,49
15.94273,78.83393,347.7,0.41,0.37,2025-03-16,752,N,VIIRS,n,2,317.18,5.62,D,0,2
25.09626,88.27029,301.09,0.39,0.36,2025-02-14,1944,N,VIIRS,n,2,283.18,0.67,N,0,1
20.67281,80.73284,341.38,0.48,0.4,2025-03-17,734,N,VIIRS,n,2,309.15,4.1,D,0,1
13.19133,76.1273,344.26,0.44,0.39,2025-02-05,823,N,VIIRS,n,2,309.59,5.56,D,0,3
13.45645,77.77458,338.95,0.38,0.44,2025-02-07,745,N,VIIRS,n,2,311.41,2.69,D,0,2
19.96295,79.33314,330.43,0.39,0.36,2025-03-27,2016,N,VIIRS,n,2,297.87,3.17,N,2,31
21.75728,84.02263,341.02,0.55,0.51,2025-03-10,806,N,VIIRS,n,2,311.47,6.09,D,2,252
23.16728,82.34447,320.16,0.41,0.37,2025-02-13,2003,N,VIIRS,n,2,288.31,1.38,N,2,394
24.6649,86.13625,314.14,0.52,0.41,2025-03-27,2015,N,VIIRS,n,2,297.36,3.87,N,0,8
28.7634,79.66576,328.35,0.46,0.47,2025-02-11,815,N,VIIRS,n,2,295.7,1.62,D,0,1
21.43475,72.97733,319.02,0.38,0.36,2025-03-20,2048,N,VIIRS,n,2,293.93,1.34,N,2,14
19.78023,82.26772,343.75,0.43,0.38,2025-02-28,753,N,VIIRS,n,2,311.68,3.93,D,0,1
20.78631,85.26822,303.26,0.38,0.36,2025-01-23,1958,N,VIIRS,n,2,292.9,0.87,N,2,91
15.17895,76.67897,307.6,0.52,0.5,2025-02-21,2056,N,VIIRS,n,2,294.9,2.53,N,2,116
16.95431,74.07644,336.24,0.46,0.39,2025-01-25,831,N,VIIRS,l,2,310.71,1.43,D,0,1
15.85223,74.62501,343.89,0.38,0.36,2025-01-31,818,N,VIIRS,n,2,312.63,2.42,D,0,1
22.36753,87.29819,306.25,0.44,0.46,2025-03-11,2016,N,VIIRS,n,2,294.36,1.62,N,2,163
28.1051,94.43976,348.4,0.37,0.58,2025-03-27,608,N,VIIRS,n,2,290.91,4.2,D,0,1
24.6617,74.63188,308.34,0.5,0.49,2025-03-08,2112,N,VIIRS,n,2,293.49,1.66,N,2,87
23.78393,86.39209,308.25,0.44,0.38,2025-03-18,1944,N,VIIRS,n,2,295.36,1.63,N,2,400
19.84135,77.49107,300.65,0.39,0.36,2025-03-05,2029,N,VIIRS,n,2,288.61,0.46,N,0,3
21.24697,76.9337,331.47,0.62,0.71,2025-01-24,710,N,VIIRS,n,2,298.43,6.75,D,0,1
23.57818,77.39252,350.51,0.54,0.68,2025-03-29,710,N,VIIRS,n,2,310.02,7.16,D,0,1
29.12352,75.77523,300.38,0.58,0.52,2025-03-22,2008,N,VIIRS,n,2,289.55,1.64,N,2,20
24.11568,86.85825,307.17,0.39,0.36,2025-03-07,1950,N,VIIRS,n,2,289.73,1.04,N,2,132
23.84045,84.94949,301.32,0.39,0.36,2025-02-24,1957,N,VIIRS,n,2,288.07,0.71,N,2,64
22.04422,83.73332,331.5,0.36,0.57,2025-01-30,657,N,VIIRS,n,2,299.82,3.47,D,2,440
23.66839,86.09391,307.75,0.4,0.37,2025-03-23,1950,N,VIIRS,n,2,291.22,1.27,N,2,85
23.82953,84.93353,345.22,0.4,0.37,2025-02-19,723,N,VIIRS,n,2,308.13,5.31,D,2,162
22.42838,82.74773,338.53,0.51,0.41,2025-03-07,722,N,VIIRS,l,2,313.18,11.72,D,0,2
24.15543,82.56836,331.26,0.38,0.43,2025-03-21,800,N,VIIRS,n,2,296.38,1.21,D,0,48
19.71871,84.26128,316.46,0.4,0.45,2025-03-13,1939,N,VIIRS,n,2,296.0,1.2,N,0,7
19.88013,78.75743,305.3,0.41,0.37,2025-02-17,2030,N,VIIRS,n,2,293.75,1.44,N,0,1
23.81801,82.12134,345.11,0.44,0.46,2025-03-26,806,N,VIIRS,n,2,311.06,3.79,D,0,1
9.47394,77.09682,332.41,0.58,0.52,2025-02-20,841,N,VIIRS,n,2,306.03,6.55,D,0,1
22.01446,77.3675,350.07,0.42,0.45,2025-03-25,825,N,VIIRS,n,2,318.49,8.5,D,0,1
18.10308,80.11897,331.99,0.4,0.37,2025-02-17,759,N,VIIRS,l,2,304.05,1.49,D,0,2
21.37107,84.84071,305.5,0.43,0.38,2025-03-06,2010,N,VIIRS,n,2,293.78,1.33,N,0,2
24.20184,80.8018,303.6,0.39,0.36,2025-02-23,2016,N,VIIRS,n,2,289.01,1.08,N,2,13
22.3637,87.30263,320.48,0.55,0.43,2025-02-18,2010,N,VIIRS,n,2,291.14,3.01,N,2,92
21.66739,84.62696,337.85,0.41,0.37,2025-03-06,741,N,VIIRS,l,2,311.49,4.42,D,0,2
25.44131,93.99265,337.83,0.38,0.36,2025-02-10,652,N,VIIRS,n,2,303.46,28.58,D,0,2
21.46671,82.73648,333.31,0.34,0.56,2025-03-08,703,N,VIIRS,l,2,307.47,2.68,D,0,2
25.95923,93.32359,337.79,0.48,0.4,2025-03-29,710,N,VIIRS,n,2,301.05,5.03,D,0,2
23.12837,92.46426,279.11,0.6,0.71,2025-03-11,607,N,VIIRS,l,2,302.43,80.05,D,0,10
23.48837,87.77625,332.89,0.47,0.4,2025-01-19,704,N,VIIRS,n,2,302.29,6.95,D,0,1
18.7666,82.11231,324.24,0.48,0.4,2025-03-16,2023,N,VIIRS,n,2,296.99,2.45,N,0,7
20.97075,85.15475,301.56,0.44,0.63,2025-01-10,2041,N,VIIRS,n,2,288.11,0.82,N,2,70
22.45991,75.91583,336.1,0.44,0.39,2025-03-20,819,N,VIIRS,l,2,308.58,1.73,D,0,1
21.56599,82.77519,331.01,0.43,0.62,2025-03-19,657,N,VIIRS,n,2,300.9,1.87,D,0,1
25.68042,93.87827,300.62,0.39,0.36,2025-03-08,1931,N,VIIRS,n,2,285.53,0.6,N,0,2
18.15439,80.23696,310.78,0.35,0.57,2025-03-13,1939,N,VIIRS,n,2,296.16,2.31,N,0,7
18.97295,78.21066,331.64,0.44,0.39,2025-03-15,812,N,VIIRS,l,2,305.87,2.4,D,0,1
18.46335,78.46194,346.69,0.41,0.37,2025-03-16,753,N,VIIRS,n,2,312.83,4.25,D,0,2
21.7586,83.84405,329.27,0.4,0.37,2025-03-12,1957,N,VIIRS,n,2,296.76,1.49,N,2,171
22.20711,72.83479,333.24,0.56,0.69,2025-02-24,910,N,VIIRS,n,2,304.12,4.11,D,0,1
26.76316,83.20088,295.99,0.49,0.65,2025-01-09,2059,N,VIIRS,n,2,283.17,1.06,N,2,90
22.208,84.87006,301.54,0.39,0.36,2025-02-24,1957,N,VIIRS,n,2,291.31,0.9,N,2,123
23.67628,86.3986,309.5,0.47,0.4,2025-03-06,2009,N,VIIRS,n,2,296.68,3.02,N,2,180
17.17417,78.9613,341.05,0.41,0.37,2025-02-22,805,N,VIIRS,l,2,312.96,6.79,D,0,1
20.9685,85.16808,309.73,0.45,0.47,2025-01-19,1932,N,VIIRS,n,2,291.04,1.6,N,2,273
23.76209,86.40462,304.86,0.41,0.45,2025-02-20,1932,N,VIIRS,n,2,292.05,1.65,N,2,481
23.80512,84.842,301.2,0.43,0.38,2025-03-07,1950,N,VIIRS,n,2,286.24,0.98,N,2,78
16.60228,78.64066,337.1,0.38,0.59,2025-02-19,721,N,VIIRS,n,2,306.37,2.34,D,0,1
17.52222,76.9687,345.24,0.38,0.36,2025-02-06,805,N,VIIRS,n,2,313.12,3.03,D,0,2
21.91995,83.35222,336.5,0.33,0.55,2025-02-11,813,N,VIIRS,n,2,306.16,4.83,D,2,390
23.77656,86.36214,308.52,0.39,0.36,2025-02-24,1957,N,VIIRS,n,2,293.16,1.35,N,2,72
22.36245,87.01698,302.17,0.54,0.68,2025-01-10,2041,N,VIIRS,n,2,285.46,1.58,N,2,143
27.2452,92.49912,332.72,0.44,0.39,2025-03-25,645,N,VIIRS,n,2,299.3,3.77,D,0,2
24.14221,82.63445,328.81,0.35,0.57,2025-01-03,1931,N,VIIRS,n,2,285.5,2.29,N,0,19
12.41895,77.7205,349.36,0.42,0.45,2025-03-14,829,N,VIIRS,n,2,315.4,4.5,D,0,3
25.64064,90.95837,337.8,0.4,0.37,2025-03-19,657,N,VIIRS,n,2,303.32,2.59,D,0,1
23.689,87.12424,299.79,0.41,0.61,2025-01-21,2034,N,VIIRS,n,2,287.91,0.98,N,2,312
19.04754,80.63743,341.47,0.39,0.44,2025-03-15,812,N,VIIRS,n,2,310.89,7.73,D,0,2
31.61962,74.43066,295.23,0.36,0.57,2025-03-06,2007,N,VIIRS,n,2,282.1,0.31,N,2,15
27.28215,93.38928,355.51,0.46,0.47,2025-03-26,626,N,VIIRS,n,2,295.0,11.68,D,0,1
13.43828,76.72977,337.99,0.39,0.44,2025-02-10,829,N,VIIRS,n,2,310.33,2.09,D,0,1
17.29451,73.9027,302.11,0.53,0.5,2025-03-06,2011,N,VIIRS,n,2,290.52,0.89,N,0,2
17.8474,75.04496,336.49,0.39,0.36,2025-03-31,811,N,VIIRS,l,2,308.66,3.54,D,0,1
22.20707,92.66842,345.08,0.62,0.54,2025-03-17,734,N,VIIRS,n,2,299.11,70.35,D,0,2
23.99028,79.39342,312.03,0.41,0.37,2025-03-27,2015,N,VIIRS,n,2,297.41,1.65,N,2,41
20.48962,84.47314,335.41,0.4,0.37,2025-03-12,728,N,VIIRS,l,2,308.99,4.15,D,0,2
21.19657,74.09518,320.18,0.34,0.56,2025-03-29,2119,N,VIIRS,n,2,293.19,1.33,N,0,6
18.91528,80.10081,334.42,0.46,0.47,2025-03-28,727,N,VIIRS,l,2,308.69,2.7,D,0,1
23.72764,86.44307,302.72,0.5,0.41,2025-02-09,1938,N,VIIRS,n,2,291.37,2.25,N,2,143
15.50451,74.82469,352.46,0.52,0.42,2025-01-16,759,N,VIIRS,n,2,300.77,7.93,D,0,4
12.87618,79.48801,338.13,0.44,0.38,2025-03-31,810,N,VIIRS,n,2,304.22,5.41,D,0,2
21.79636,83.99119,299.25,0.41,0.37,2025-01-17,2010,N,VIIRS,n,2,286.54,0.57,N,2,21
25.74269,91.2994,337.27,0.4,0.37,2025-03-19,657,N,VIIRS,n,2,302.89,34.24,D,0,2
20.96288,85.17204,333.39,0.38,0.36,2025-02-24,1957,N,VIIRS,n,2,297.07,2.07,N,2,176
23.62596,83.78018,337.05,0.43,0.62,2025-03-30,651,N,VIIRS,l,2,308.68,2.99,D,0,1
21.79056,80.01942,301.71,0.61,0.53,2025-01-13,1945,N,VIIRS,n,2,285.62,1.82,N,0,29
23.6518,86.03854,344.04,0.41,0.45,2025-02-07,748,N,VIIRS,n,2,308.24,4.16,D,0,2
21.52833,84.80707,337.99,0.48,0.4,2025-03-11,747,N,VIIRS,l,2,311.05,3.56,D,0,2
23.68706,86.3914,330.47,0.43,0.38,2025-01-29,1944,N,VIIRS,n,2,293.98,3.89,N,2,235
23.56049,87.23065,301.73,0.39,0.36,2025-03-23,1950,N,VIIRS,n,2,290.83,0.61,N,2,40
18.86269,73.93233,307.34,0.55,0.51,2025-03-06,2011,N,VIIRS,n,2,290.73,1.14,N,0,2
23.81979,85.49599,306.45,0.41,0.37,2025-01-18,1950,N,VIIRS,n,2,287.75,1.4,N,2,119
25.07976,94.21733,353.54,0.44,0.46,2025-03-10,626,N,VIIRS,n,2,297.26,225.38,D,0,3
14.0338,77.84715,309.0,0.43,0.38,2025-02-18,2012,N,VIIRS,n,2,292.8,0.81,N,0,2
19.10039,82.16721,299.95,0.63,0.54,2025-01-26,2042,N,VIIRS,n,2,286.25,1.83,N,2,164
16.35917,81.28242,308.62,0.44,0.46,2025-02-14,1946,N,VIIRS,n,2,293.16,0.48,N,0,58
13.94126,77.78754,335.19,0.45,0.39,2025-03-04,817,N,VIIRS,l,2,308.33,2.25,D,0,1
23.69332,87.12164,317.23,0.46,0.47,2025-01-14,1925,N,VIIRS,n,2,290.75,3.09,N,2,312
23.85738,92.75832,333.35,0.39,0.36,2025-03-08,703,N,VIIRS,n,2,297.47,3.37,D,0,1
22.15589,92.79275,331.46,0.49,0.49,2025-03-15,631,N,VIIRS,n,2,300.27,84.02,D,0,4
18.10694,80.00719,339.36,0.46,0.63,2025-02-15,837,N,VIIRS,n,2,306.62,4.85,D,0,2
16.51945,78.73743,345.98,0.35,0.57,2025-03-19,836,N,VIIRS,n,2,315.84,6.72,D,0,1
23.68165,86.08515,304.14,0.52,0.42,2025-02-09,1938,N,VIIRS,n,2,288.57,1.65,N,2,228
21.63718,77.36263,339.24,0.52,0.5,2025-03-14,831,N,VIIRS,l,2,310.79,6.7,D,0,1
23.66257,85.00026,301.45,0.78,0.78,2025-02-11,1900,N,VIIRS,n,2,284.88,1.2,N,2,41
20.94955,86.04742,302.6,0.51,0.49,2025-01-27,2023,N,VIIRS,n,2,290.63,0.93,N,2,151
18.98905,79.6512,336.74,0.39,0.44,2025-03-17,734,N,VIIRS,l,2,309.07,2.68,D,0,1
22.59113,85.90421,303.52,0.68,0.74,2025-03-25,2053,N,VIIRS,n,2,292.34,1.47,N,2,62
22.73372,78.71346,306.23,0.62,0.54,2025-03-07,1951,N,VIIRS,n,2,292.79,3.69,N,0,2
21.77774,83.83084,309.82,0.47,0.64,2025-03-30,1919,N,VIIRS,n,2,296.12,1.13,N,2,118
15.31698,76.25246,303.73,0.39,0.36,2025-01-16,2031,N,VIIRS,n,2,290.06,0.96,N,0,12
24.68671,86.48793,299.48,0.54,0.51,2025-03-19,1925,N,VIIRS,n,2,287.59,1.08,N,0,2
20.02916,72.97441,338.65,0.42,0.45,2025-03-24,843,N,VIIRS,n,2,308.51,1.24,D,0,1
23.66763,84.99598,311.5,0.41,0.6,2025-03-14,1919,N,VIIRS,n,2,292.09,2.33,N,2,74
23.74059,85.00907,308.26,0.47,0.64,2025-03-04,2047,N,VIIRS,n,2,291.78,2.31,N,2,201
25.14848,92.41712,334.14,0.43,0.38,2025-03-29,710,N,VIIRS,n,2,297.73,2.11,D,0,1
22.35222,82.2946,333.49,0.35,0.57,2025-03-04,819,N,VIIRS,l,2,308.2,4.15,D,2,101
23.76627,86.40631,303.91,0.64,0.72,2025-01-10,1900,N,VIIRS,n,2,287.05,2.85,N,2,47
22.03789,78.07993,309.17,0.38,0.36,2025-03-21,2028,N,VIIRS,n,2,292.89,1.03,N,0,2
19.19376,80.12376,309.3,0.46,0.39,2025-03-17,2004,N,VIIRS,n,2,295.37,1.53,N,0,5
25.9449,92.4696,334.63,0.41,0.37,2025-03-30,651,N,VIIRS,n,2,301.43,2.93,D,0,2
15.98447,79.18176,332.82,0.45,0.39,2025-02-23,746,N,VIIRS,l,2,307.77,2.84,D,0,1
23.65589,85.50619,311.36,0.38,0.43,2025-03-13,1938,N,VIIRS,n,2,293.42,1.64,N,2,64
17.91463,75.41531,336.1,0.4,0.37,2025-02-06,806,N,VIIRS,l,2,308.79,6.41,D,0,3
18.80502,80.10287,331.1,0.45,0.47,2025-03-20,818,N,VIIRS,l,2,304.52,3.78,D,0,2
23.68082,81.73103,332.84,0.44,0.38,2025-03-16,754,N,VIIRS,l,2,303.62,4.84,D,0,2
14.46688,76.11611,334.49,0.46,0.39,2025-01-04,823,N,VIIRS,n,2,308.8,1.88,D,0,2
22.0036,82.67259,312.14,0.37,0.58,2025-02-16,2048,N,VIIRS,n,2,292.2,1.18,N,2,119
19.59136,83.99062,302.36,0.39,0.59,2025-03-15,2041,N,VIIRS,n,2,289.27,1.24,N,0,2
16.85755,77.32465,344.27,0.37,0.58,2025-02-20,843,N,VIIRS,n,2,305.02,3.14,D,0,1
22.62369,76.4899,312.58,0.38,0.36,2025-03-10,2035,N,VIIRS,n,2,295.17,1.49,N,0,4
24.75177,83.82764,302.12,0.4,0.44,2025-03-18,1943,N,VIIRS,n,2,291.45,1.12,N,0,2
25.09427,94.06593,367.0,0.32,0.55,2025-03-28,728,N,VIIRS,h,2,303.81,28.49,D,0,1
17.40096,76.64398,337.47,0.48,0.4,2025-01-27,753,N,VIIRS,l,2,311.73,4.23,D,0,2
17.67378,74.23896,336.85,0.39,0.36,2025-01-31,818,N,VIIRS,l,2,311.61,4.87,D,0,1
20.80914,85.25845,306.97,0.45,0.39,2025-02-14,1945,N,VIIRS,n,2,291.8,2.11,N,2,124
21.07654,85.0367,310.0,0.56,0.43,2025-02-25,1939,N,VIIRS,n,2,295.33,2.11,N,2,259
20.99982,86.02608,311.05,0.4,0.44,2025-03-11,2016,N,VIIRS,n,2,294.56,1.64,N,2,31
20.60635,83.64878,338.7,0.51,0.66,2025-03-09,825,N,VIIRS,n,2,308.18,2.01,D,0,2
21.87799,83.55485,304.86,0.57,0.43,2025-03-02,1945,N,VIIRS,n,2,293.15,1.14,N,2,63
23.73742,85.01575,302.3,0.42,0.37,2025-03-06,2009,N,VIIRS,n,2,292.21,2.89,N,2,16
18.10896,73.25797,332.83,0.48,0.4,2025-02-06,806,N,VIIRS,l,2,303.96,4.91,D,0,1
23.03102,86.16055,299.58,0.47,0.4,2025-02-02,2010,N,VIIRS,n,2,288.63,0.47,N,0,11
20.20028,84.10535,306.36,0.39,0.36,2025-03-17,2004,N,VIIRS,n,2,292.81,0.52,N,0,2
19.00287,82.34675,331.62,0.5,0.66,2025-02-15,657,N,VIIRS,l,2,303.59,2.67,D,0,2
23.78817,85.5535,301.41,0.42,0.37,2025-03-23,1950,N,VIIRS,n,2,290.48,0.3,N,0,82
23.62362,82.8427,300.25,0.42,0.61,2025-03-25,2053,N,VIIRS,n,2,289.87,1.24,N,0,1
23.77708,86.39293,301.28,0.45,0.63,2025-02-27,2040,N,VIIRS,n,2,288.33,0.81,N,2,400
21.4431,81.98598,342.81,0.52,0.5,2025-02-11,813,N,VIIRS,n,2,303.11,13.7,D,0,3
23.67869,86.3942,305.56,0.41,0.37,2025-03-17,2003,N,VIIRS,n,2,293.8,1.68,N,2,251
21.30964,81.59041,305.81,0.48,0.65,2025-01-30,1926,N,VIIRS,n,2,292.34,0.93,N,2,68
23.69508,87.11346,295.76,0.58,0.52,2025-01-09,1919,N,VIIRS,n,2,285.15,0.97,N,2,33
23.55535,87.24107,326.71,0.44,0.38,2025-03-17,2003,N,VIIRS,n,2,293.46,2.46,N,2,247
21.23175,78.73567,350.12,0.39,0.36,2025-03-16,753,N,VIIRS,n,2,316.54,6.99,D,0,5
21.17402,78.63552,337.11,0.49,0.4,2025-02-18,741,N,VIIRS,l,2,308.45,3.1,D,0,3
25.70876,91.7748,341.34,0.39,0.36,2025-02-20,704,N,VIIRS,n,2,300.56,3.16,D,0,2
26.87054,73.51921,299.03,0.39,0.36,2025-02-16,2047,N,VIIRS,n,2,286.56,0.76,N,2,24
23.77631,86.21053,311.8,0.45,0.47,2025-03-16,2021,N,VIIRS,n,2,291.66,2.12,N,2,324
25.71417,90.70238,330.04,0.56,0.43,2025-03-25,645,N,VIIRS,l,2,304.65,2.54,D,0,2
23.19893,86.0598,351.24,0.42,0.38,2025-03-01,735,N,VIIRS,n,2,307.48,5.61,D,0,1
20.97019,85.17377,317.22,0.38,0.36,2025-03-28,1957,N,VIIRS,n,2,300.16,2.07,N,2,273
20.34276,84.46442,337.74,0.38,0.36,2025-03-17,734,N,VIIRS,l,2,308.54,2.69,D,0,1
23.7421,92.6439,305.24,0.44,0.38,2025-03-14,1918,N,VIIRS,n,2,293.26,0.83,N,0,1
23.78872,85.55178,320.83,0.5,0.41,2025-03-27,2015,N,VIIRS,n,2,295.95,2.67,N,0,82
21.3753,81.67999,312.49,0.47,0.48,2025-01-29,1945,N,VIIRS,n,2,295.06,2.36,N,2,107
18.32747,81.59468,343.51,0.47,0.4,2025-03-17,734,N,VIIRS,n,2,315.25,3.63,D,0,2
21.62387,82.89052,367.0,0.33,0.55,2025-03-08,703,N,VIIRS,h,2,314.07,4.86,D,0,2
18.94699,80.35184,331.32,0.43,0.62,2025-03-13,709,N,VIIRS,n,2,302.33,2.19,D,0,1
20.86363,84.99307,325.17,0.4,0.37,2025-03-01,2004,N,VIIRS,n,2,296.26,2.25,N,2,32
20.97625,86.00804,300.51,0.5,0.49,2025-01-27,2023,N,VIIRS,n,2,290.17,0.5,N,2,12
22.00547,82.67218,313.36,0.47,0.4,2025-01-11,2022,N,VIIRS,n,2,286.83,1.77,N,2,78
19.94255,82.10269,343.02,0.39,0.36,2025-02-23,747,N,VIIRS,n,2,310.5,4.02,D,0,2
17.95983,80.78447,307.2,0.34,0.56,2025-02-16,2049,N,VIIRS,n,2,295.04,0.87,N,0,45
23.73586,86.42995,329.42,0.44,0.38,2025-03-18,1944,N,VIIRS,n,2,299.37,3.42,N,2,77
23.77176,86.20047,299.98,0.33,0.55,2025-01-25,1919,N,VIIRS,n,2,287.19,1.34,N,2,133
21.60926,84.04671,336.76,0.38,0.36,2025-02-13,735,N,VIIRS,l,2,310.33,3.8,D,0,5
18.154,79.85028,331.03,0.34,0.56,2025-03-14,830,N,VIIRS,l,2,304.77,1.66,D,0,2
21.07906,85.03915,329.12,0.41,0.45,2025-01-11,753,N,VIIRS,l,2,303.62,5.53,D,2,259
17.97647,80.5722,334.88,0.53,0.42,2025-03-17,733,N,VIIRS,l,2,309.38,6.18,D,0,2
18.1223,73.59347,352.55,0.35,0.56,2025-03-18,855,N,VIIRS,n,2,310.4,4.83,D,0,4
22.50786,76.05497,343.74,0.45,0.47,2025-03-14,832,N,VIIRS,l,2,316.43,4.46,D,0,2
23.78365,86.21069,317.53,0.45,0.63,2025-02-11,2041,N,VIIRS,n,2,290.08,1.76,N,2,324
22.83621,77.07096,305.61,0.42,0.38,2025-03-16,2022,N,VIIRS,n,2,289.45,0.67,N,0,2
23.37139,85.52622,338.75,0.45,0.63,2025-03-31,812,N,VIIRS,n,2,308.84,2.35,D,0,1
21.98788,82.01787,299.22,0.53,0.5,2025-02-27,2041,N,VIIRS,n,2,289.08,0.39,N,0,16
23.8943,85.36259,344.21,0.38,0.36,2025-03-28,728,N,VIIRS,n,2,310.3,3.27,D,0,2
9.8538,76.89957,304.03,0.41,0.45,2025-02-27,2045,N,VIIRS,n,2,291.08,0.69,N,0,2
17.88401,73.76313,337.89,0.45,0.39,2025-03-14,830,N,VIIRS,l,2,310.79,5.83,D,0,2
22.36211,87.01946,322.05,0.39,0.36,2025-03-28,1956,N,VIIRS,n,2,297.66,1.54,N,2,143
23.87646,92.90701,336.1,0.53,0.67,2025-03-11,747,N,VIIRS,n,2,294.68,6.67,D,0,9
22.36021,87.01941,314.02,0.45,0.39,2025-02-13,2003,N,VIIRS,n,2,291.41,1.04,N,2,143
20.22577,81.49033,330.22,0.46,0.47,2025-03-15,812,N,VIIRS,l,2,303.17,3.92,D,0,2
18.21092,79.89806,349.44,0.41,0.37,2025-03-11,746,N,VIIRS,n,2,314.13,7.51,D,0,2
22.36736,87.29688,300.3,0.43,0.62,2025-01-15,1907,N,VIIRS,n,2,288.5,1.64,N,2,163
20.86901,84.99467,336.55,0.63,0.54,2025-02-15,657,N,VIIRS,n,2,305.21,7.11,D,2,111
22.20747,84.87102,305.21,0.39,0.36,2025-03-12,1957,N,VIIRS,n,2,295.03,1.52,N,2,123
25.34601,93.02515,355.93,0.4,0.37,2025-03-30,651,N,VIIRS,n,2,310.26,17.39,D,0,1
29.02682,79.44781,351.96,0.39,0.36,2025-02-18,743,N,VIIRS,n,2,305.8,9.3,D,0,1
19.23761,80.62884,339.0,0.39,0.36,2025-03-16,753,N,VIIRS,l,2,311.71,4.06,D,0,1
23.78016,86.34685,310.89,0.51,0.66,2025-01-31,1907,N,VIIRS,n,2,289.95,2.0,N,2,199
21.88814,83.60103,341.4,0.47,0.64,2025-03-14,651,N,VIIRS,n,2,303.01,4.71,D,0,1
21.73864,80.92387,343.84,0.53,0.42,2025-03-26,806,N,VIIRS,l,2,316.64,6.39,D,0,1
24.5614,84.5136,341.77,0.5,0.41,2025-03-27,747,N,VIIRS,l,2,313.7,6.7,D,0,1
21.14522,76.43219,341.3,0.35,0.57,2025-03-24,843,N,VIIRS,l,2,314.7,3.43,D,0,2
23.78114,86.37261,312.41,0.47,0.48,2025-02-12,2022,N,VIIRS,n,2,292.31,1.18,N,2,162
21.92338,83.35143,323.95,0.42,0.38,2025-03-12,1957,N,VIIRS,n,2,300.03,3.06,N,2,390
25.40268,90.8292,339.85,0.43,0.38,2025-03-18,716,N,VIIRS,n,2,300.65,2.52,D,0,2
13.93679,78.28679,305.84,0.51,0.41,2025-03-26,2037,N,VIIRS,n,2,295.15,1.52,N,0,1
20.22321,82.44966,313.98,0.39,0.36,2025-03-06,2010,N,VIIRS,n,2,291.81,1.76,N,0,2
23.37795,76.09339,343.13,0.39,0.36,2025-01-16,801,N,VIIRS,n,2,292.09,3.28,D,0,1
23.73451,82.67751,337.15,0.43,0.38,2025-03-28,728,N,VIIRS,n,2,309.32,2.11,D,0,1
26.64151,79.48168,296.94,0.48,0.48,2025-01-20,2053,N,VIIRS,n,2,286.11,0.51,N,2,131
24.0515,80.61292,308.2,0.39,0.36,2025-03-27,2015,N,VIIRS,n,2,297.12,1.26,N,2,21
25.78293,92.14902,332.92,0.51,0.41,2025-02-14,717,N,VIIRS,n,2,297.62,3.13,D,0,5
17.83115,80.33177,332.35,0.71,0.75,2025-02-15,656,N,VIIRS,n,2,302.57,11.99,D,0,10
21.54011,80.90402,336.69,0.4,0.37,2025-03-16,753,N,VIIRS,n,2,308.71,3.58,D,0,1
25.70709,80.38997,343.79,0.39,0.36,2025-03-06,742,N,VIIRS,n,2,306.77,2.83,D,0,1
23.68102,86.38847,322.26,0.39,0.36,2025-01-23,1957,N,VIIRS,n,2,289.39,2.78,N,2,251
22.93251,92.84918,304.04,0.39,0.36,2025-03-03,1925,N,VIIRS,n,2,288.39,0.41,N,0,1
23.6977,85.28874,300.2,0.39,0.36,2025-02-08,1957,N,VIIRS,n,2,286.62,0.78,N,2,72
22.31714,83.91993,342.69,0.56,0.51,2025-03-08,703,N,VIIRS,n,2,312.06,5.83,D,0,2
13.97583,78.13255,332.94,0.63,0.72,2025-02-14,855,N,VIIRS,n,2,300.44,2.35,D,0,1
22.03726,83.34996,317.89,0.41,0.45,2025-02-17,2029,N,VIIRS,n,2,290.38,1.58,N,2,199
17.97027,83.15486,300.76,0.48,0.48,2025-01-16,2030,N,VIIRS,n,2,289.63,0.46,N,0,22
22.47202,92.58737,347.17,0.48,0.4,2025-03-18,715,N,VIIRS,n,2,296.57,10.16,D,0,2
22.80039,86.09201,305.37,0.42,0.45,2025-01-03,1932,N,VIIRS,n,2,288.15,1.0,N,2,166
18.87695,80.66103,340.12,0.39,0.44,2025-03-15,812,N,VIIRS,n,2,306.83,3.01,D,0,2
21.35452,81.7522,345.31,0.39,0.36,2025-02-23,747,N,VIIRS,n,2,313.59,4.73,D,0,1
21.68149,84.04079,313.91,0.46,0.39,2025-03-11,2016,N,VIIRS,n,2,296.0,1.67,N,2,262
19.48821,81.17815,344.28,0.39,0.36,2025-03-27,746,N,VIIRS,n,2,312.67,13.27,D,0,4
24.16648,80.6956,307.35,0.42,0.38,2025-03-22,2009,N,VIIRS,n,2,290.6,1.28,N,2,28
24.58743,79.46932,341.07,0.39,0.36,2025-03-27,748,N,VIIRS,l,2,314.91,4.26,D,0,1
22.50258,75.87031,338.95,0.46,0.39,2025-03-16,754,N,VIIRS,n,2,307.57,2.12,D,0,2
20.79823,82.57536,339.0,0.45,0.63,2025-02-15,657,N,VIIRS,n,2,300.99,4.66,D,0,2
25.51882,93.9234,340.35,0.46,0.39,2025-01-15,639,N,VIIRS,n,2,294.4,14.86,D,0,1
20.49645,80.51951,307.78,0.4,0.37,2025-03-22,2010,N,VIIRS,n,2,293.93,0.94,N,0,1
17.59754,78.9842,343.72,0.46,0.39,2025-03-15,811,N,VIIRS,l,2,315.07,6.24,D,0,1
20.79617,85.25365,344.26,0.39,0.36,2025-03-12,728,N,VIIRS,n,2,316.58,6.13,D,2,87
21.84976,84.05926,343.11,0.44,0.62,2025-02-26,651,N,VIIRS,n,2,301.65,5.11,D,0,2
22.66744,77.61074,353.9,0.55,0.68,2025-03-29,710,N,VIIRS,n,2,308.94,14.04,D,0,9
23.56,87.23919,349.39,0.37,0.58,2025-03-05,800,N,VIIRS,n,2,304.16,5.54,D,2,247
23.68729,86.3945,302.79,0.5,0.41,2025-01-08,1938,N,VIIRS,n,2,286.1,2.22,N,2,235
17.65541,76.74933,317.17,0.38,0.36,2025-03-05,2030,N,VIIRS,n,2,293.34,0.91,N,0,1
19.26639,80.41434,343.84,0.4,0.37,2025-03-27,746,N,VIIRS,n,2,313.75,5.74,D,0,1
20.86765,84.9939,299.7,0.45,0.39,2025-01-17,2010,N,VIIRS,n,2,288.46,1.32,N,2,111
19.5891,83.05086,349.9,0.46,0.63,2025-03-09,824,N,VIIRS,n,2,302.22,13.72,D,0,3
25.54028,92.26163,326.14,0.41,0.37,2025-02-10,652,N,VIIRS,n,2,294.53,1.53,D,0,3
29.88207,80.46791,300.38,0.39,0.36,2025-02-01,2027,N,VIIRS,n,2,276.65,0.76,N,0,1
22.67081,77.51527,315.03,0.52,0.5,2025-03-30,2100,N,VIIRS,n,2,287.74,1.27,N,0,1
22.98818,77.08683,337.43,0.34,0.56,2025-02-15,838,N,VIIRS,n,2,303.84,3.55,D,0,1
13.5168,79.37236,343.21,0.39,0.36,2025-03-26,803,N,VIIRS,n,2,311.67,11.58,D,0,2
23.55911,87.24203,332.73,0.4,0.6,2025-02-16,639,N,VIIRS,n,2,300.07,8.04,D,2,247
20.56198,84.22636,333.6,0.34,0.56,2025-03-31,812,N,VIIRS,n,2,302.22,2.04,D,0,1
22.78847,86.20838,305.34,0.43,0.46,2025-03-24,1931,N,VIIRS,n,2,293.2,0.77,N,2,136
22.50369,83.40906,340.05,0.39,0.36,2025-03-06,741,N,VIIRS,l,2,312.41,2.64,D,0,1
23.16657,82.33804,336.15,0.52,0.67,2025-02-10,652,N,VIIRS,n,2,303.95,5.14,D,2,394
23.78106,86.38981,312.89,0.55,0.43,2025-03-27,2015,N,VIIRS,n,2,299.77,3.33,N,2,400
22.92611,69.82491,302.27,0.43,0.62,2025-03-01,2144,N,VIIRS,n,2,291.99,0.52,N,2,35
22.04818,83.01764,336.38,0.49,0.4,2025-01-11,754,N,VIIRS,n,2,296.59,4.73,D,0,3
19.18089,78.72917,335.53,0.38,0.59,2025-03-03,837,N,VIIRS,l,2,308.83,1.65,D,0,1
23.82442,85.49454,304.85,0.39,0.36,2025-03-12,1956,N,VIIRS,n,2,292.79,0.82,N,2,24
22.99024,93.04668,350.16,0.39,0.36,2025-03-24,703,N,VIIRS,n,2,309.26,17.87,D,0,2
18.13914,80.49336,348.66,0.56,0.43,2025-03-31,811,N,VIIRS,n,2,309.34,6.97,D,0,2
21.63172,82.19792,331.97,0.4,0.37,2025-02-07,748,N,VIIRS,l,2,306.47,1.82,D,0,2
17.43593,77.9474,341.62,0.51,0.41,2025-03-27,746,N,VIIRS,n,2,315.75,5.94,D,0,1
21.96894,85.312,298.73,0.46,0.39,2025-02-14,1945,N,VIIRS,n,2,284.21,1.11,N,2,56
20.66354,82.22997,338.74,0.39,0.44,2025-03-07,722,N,VIIRS,l,2,310.14,4.58,D,0,1
23.78267,86.3939,306.1,0.46,0.64,2025-01-26,2041,N,VIIRS,n,2,290.13,1.67,N,2,400
21.19446,81.39915,309.6,0.5,0.66,2025-02-15,1926,N,VIIRS,n,2,291.96,2.28,N,2,6
27.43295,93.01552,367.0,0.46,0.63,2025-03-27,608,N,VIIRS,h,2,297.5,33.45,D,0,1
23.77753,86.20808,309.35,0.35,0.57,2025-03-10,2034,N,VIIRS,n,2,292.27,2.31,N,2,324
20.05276,84.53067,336.77,0.45,0.39,2025-03-11,747,N,VIIRS,l,2,309.05,5.21,D,0,4
29.68875,79.78761,302.34,0.41,0.45,2025-02-13,2002,N,VIIRS,n,2,279.24,1.78,N,0,1
23.7662,86.40271,297.84,0.47,0.48,2025-01-11,2022,N,VIIRS,n,2,281.41,1.61,N,2,138
25.09802,87.83163,367.0,0.56,0.52,2025-03-25,645,N,VIIRS,h,2,309.81,22.75,D,3,1
16.17316,78.94398,367.0,0.36,0.58,2025-03-03,836,N,VIIRS,h,2,300.76,10.78,D,0,4
22.21028,84.23367,340.45,0.36,0.58,2025-03-15,812,N,VIIRS,n,2,309.6,4.23,D,0,1
20.96676,85.15294,306.77,0.4,0.37,2025-03-01,2004,N,VIIRS,n,2,294.99,1.41,N,2,70
22.32842,84.20049,336.94,0.53,0.42,2025-03-18,716,N,VIIRS,l,2,311.37,2.89,D,0,1
20.5484,82.37885,300.42,0.4,0.37,2025-03-17,2004,N,VIIRS,n,2,285.48,0.26,N,0,1
18.17986,76.15288,342.48,0.41,0.45,2025-01-25,831,N,VIIRS,n,2,308.18,5.38,D,0,1
18.75761,73.06197,332.78,0.62,0.72,2025-02-24,728,N,VIIRS,l,2,304.57,4.37,D,0,1
15.83704,78.32697,336.2,0.41,0.6,2025-03-24,842,N,VIIRS,n,2,303.03,4.27,D,0,1
27.10499,96.11144,333.69,0.43,0.38,2025-03-31,632,N,VIIRS,n,2,298.36,8.43,D,0,1
29.93713,79.40218,334.13,0.39,0.36,2025-02-07,750,N,VIIRS,n,2,298.63,3.53,D,0,1
23.8121,85.17046,334.39,0.55,0.42,2025-03-29,710,N,VIIRS,n,2,307.0,2.74,D,0,1
19.40506,83.37516,339.75,0.38,0.59,2025-03-04,818,N,VIIRS,n,2,307.75,1.97,D,0,1
24.76097,87.75204,333.18,0.63,0.72,2025-03-31,813,N,VIIRS,l,2,306.05,2.84,D,0,2
18.00116,80.35901,307.35,0.48,0.4,2025-03-05,2030,N,VIIRS,n,2,292.92,1.98,N,0,3
21.98453,79.96268,306.39,0.41,0.45,2025-03-28,1957,N,VIIRS,n,2,294.56,1.08,N,0,1
21.89389,83.12623,332.65,0.49,0.41,2025-02-19,722,N,VIIRS,l,2,304.22,6.58,D,0,2
14.23132,78.61565,345.56,0.42,0.61,2025-02-04,842,N,VIIRS,n,2,307.87,3.57,D,0,1
29.35572,77.78471,334.56,0.41,0.37,2025-03-21,802,N,VIIRS,n,2,307.68,2.35,D,0,2
22.59079,85.90737,303.47,0.56,0.43,2025-02-07,2016,N,VIIRS,n,2,287.29,1.86,N,2,74
19.84799,81.97847,336.03,0.49,0.49,2025-02-27,812,N,VIIRS,n,2,306.73,9.45,D,0,1
22.87338,86.06375,318.67,0.38,0.36,2025-03-28,1956,N,VIIRS,n,2,297.82,1.88,N,2,89
21.81721,83.79223,340.06,0.41,0.37,2025-03-28,728,N,VIIRS,l,2,314.1,14.16,D,0,3
25.13172,93.72134,339.56,0.39,0.36,2025-03-30,651,N,VIIRS,n,2,308.13,7.36,D,0,10
21.48166,71.18691,339.94,0.58,0.7,2025-03-17,735,N,VIIRS,l,2,313.56,2.19,D,0,1
22.04145,83.73931,300.8,0.36,0.57,2025-01-14,1926,N,VIIRS,n,2,290.64,1.3,N,2,243
22.10802,83.52306,305.5,0.41,0.37,2025-02-08,1957,N,VIIRS,n,2,289.45,0.94,N,2,67
20.78877,85.26595,303.76,0.35,0.57,2025-03-10,2035,N,VIIRS,n,2,293.34,1.25,N,2,91
22.87483,86.0616,314.14,0.44,0.46,2025-03-24,1931,N,VIIRS,n,2,293.35,1.63,N,2,89
24.84142,94.11421,333.82,0.52,0.41,2025-02-25,710,N,VIIRS,n,2,301.91,9.66,D,0,2
27.73122,82.32764,331.65,0.38,0.36,2025-03-17,736,N,VIIRS,l,2,306.31,1.43,D,0,1
23.68999,87.1214,320.4,0.39,0.36,2025-03-28,1956,N,VIIRS,n,2,300.08,2.0,N,2,312
20.85329,70.84392,337.23,0.4,0.6,2025-03-11,747,N,VIIRS,n,2,307.59,2.07,D,0,1
20.12761,81.71543,332.29,0.41,0.37,2025-02-28,753,N,VIIRS,l,2,304.75,3.72,D,0,6
20.75718,82.07504,335.31,0.51,0.49,2025-03-15,812,N,VIIRS,l,2,305.69,4.35,D,0,1
28.46552,80.73296,302.59,0.51,0.41,2025-03-31,2039,N,VIIRS,n,2,284.13,0.67,N,0,2
22.33578,69.86819,307.32,0.36,0.57,2025-01-07,2138,N,VIIRS,n,2,292.78,2.46,N,2,22
22.31376,82.53038,310.25,0.4,0.37,2025-03-11,2016,N,VIIRS,n,2,295.79,1.59,N,2,70
20.00642,78.84308,332.26,0.52,0.67,2025-03-29,709,N,VIIRS,l,2,305.49,2.38,D,0,1
19.11358,78.744,338.56,0.4,0.37,2025-03-16,753,N,VIIRS,l,2,312.82,3.91,D,0,1
18.56723,78.63244,335.58,0.36,0.57,2025-03-07,721,N,VIIRS,l,2,309.12,3.21,D,0,1
21.70364,69.71981,302.9,0.38,0.36,2025-01-25,2101,N,VIIRS,n,2,292.68,0.53,N,0,2
23.78166,86.34769,340.27,0.43,0.46,2025-01-22,748,N,VIIRS,n,2,310.78,3.23,D,2,199
21.45415,79.7409,331.19,0.54,0.68,2025-03-24,703,N,VIIRS,l,2,303.26,3.83,D,0,1
22.18242,86.29253,340.75,0.39,0.36,2025-03-12,728,N,VIIRS,n,2,315.04,5.19,D,0,2
23.76502,86.39046,310.84,0.39,0.36,2025-02-08,1957,N,VIIRS,n,2,294.48,1.87,N,2,116
24.89393,85.91211,309.63,0.5,0.41,2025-03-27,2015,N,VIIRS,n,2,299.55,2.97,N,0,1
13.46289,77.61985,334.15,0.4,0.44,2025-03-11,745,N,VIIRS,l,2,306.16,1.6,D,0,1
20.9759,85.17287,308.86,0.38,0.36,2025-03-12,1957,N,VIIRS,n,2,296.79,1.45,N,2,17
21.79941,79.67107,333.67,0.37,0.58,2025-03-14,831,N,VIIRS,l,2,306.56,3.92,D,0,2
19.31734,78.19762,367.0,0.45,0.63,2025-03-08,843,N,VIIRS,h,2,312.15,9.76,D,0,1
22.10706,83.52731,312.51,0.42,0.45,2025-02-17,2029,N,VIIRS,n,2,291.6,2.24,N,2,69
16.63254,77.2645,344.62,0.38,0.36,2025-02-22,805,N,VIIRS,n,2,312.4,5.23,D,0,2
23.09776,71.24652,298.36,0.4,0.37,2025-01-15,2048,N,VIIRS,n,2,283.93,0.41,N,0,1
32.07075,75.55599,343.01,0.46,0.47,2025-02-24,732,N,VIIRS,n,2,298.13,5.61,D,0,2
20.6988,78.63897,301.23,0.38,0.36,2025-02-12,2023,N,VIIRS,n,2,291.15,0.72,N,0,21
20.96575,86.0116,320.88,0.39,0.36,2025-03-07,1951,N,VIIRS,n,2,295.28,2.68,N,2,190
18.26274,77.42682,342.56,0.42,0.37,2025-01-26,812,N,VIIRS,n,2,315.11,8.55,D,0,1
20.96093,83.07446,339.46,0.43,0.46,2025-03-18,715,N,VIIRS,l,2,310.07,5.01,D,0,2
23.69039,87.10123,301.7,0.58,0.52,2025-01-25,1919,N,VIIRS,n,2,287.43,3.22,N,2,127
15.38957,78.2244,345.76,0.42,0.45,2025-02-18,740,N,VIIRS,n,2,313.99,5.26,D,0,1
24.20536,82.52628,298.21,0.57,0.52,2025-01-24,1938,N,VIIRS,n,2,285.43,0.93,N,2,10
21.58581,80.81877,341.56,0.56,0.43,2025-03-28,728,N,VIIRS,n,2,315.82,6.13,D,0,1
21.68033,80.90933,338.53,0.45,0.39,2025-03-21,800,N,VIIRS,n,2,303.02,2.15,D,0,2
23.78129,86.21094,339.04,0.51,0.41,2025-02-02,742,N,VIIRS,n,2,306.86,5.78,D,2,324
24.5288,73.86604,352.31,0.38,0.36,2025-03-31,813,N,VIIRS,n,2,318.93,8.86,D,0,1
22.52286,93.09023,334.72,0.41,0.37,2025-03-14,650,N,VIIRS,n,2,301.26,6.56,D,0,5
16.65685,74.61324,302.58,0.38,0.36,2025-02-22,2037,N,VIIRS,n,2,291.38,0.47,N,0,1
23.79043,86.37109,305.23,0.44,0.38,2025-03-18,1944,N,VIIRS,n,2,294.84,0.74,N,2,55
18.56885,80.6348,330.84,0.52,0.5,2025-02-19,722,N,VIIRS,l,2,303.74,4.07,D,0,4
20.96571,85.17059,307.27,0.58,0.7,2025-03-04,1907,N,VIIRS,n,2,291.42,1.82,N,2,273
23.62081,82.93356,302.06,0.55,0.51,2025-03-31,2040,N,VIIRS,n,2,289.96,1.16,N,0,2
23.36235,73.76277,303.66,0.39,0.36,2025-03-31,2041,N,VIIRS,n,2,293.33,1.11,N,0,2
20.9722,86.00394,302.78,0.4,0.44,2025-02-20,1932,N,VIIRS,n,2,291.38,1.33,N,2,101
22.47138,71.3251,350.18,0.4,0.37,2025-02-16,820,N,VIIRS,n,2,309.94,16.91,D,0,1
23.06242,92.61227,306.54,0.67,0.74,2025-03-27,1834,N,VIIRS,n,2,290.31,1.94,N,0,12
20.98362,85.13647,299.54,0.44,0.46,2025-02-28,2022,N,VIIRS,n,2,286.09,1.03,N,2,216
18.25717,80.86642,313.77,0.43,0.38,2025-03-16,2023,N,VIIRS,n,2,297.58,2.38,N,0,5
22.02904,83.36749,308.39,0.42,0.38,2025-03-27,2015,N,VIIRS,n,2,296.77,1.34,N,2,59
13.5026,77.68385,330.94,0.39,0.36,2025-02-27,810,N,VIIRS,l,2,304.83,2.36,D,0,1
21.27646,84.64945,338.05,0.44,0.38,2025-03-07,722,N,VIIRS,l,2,308.96,4.6,D,0,2
20.95163,86.05119,306.6,0.41,0.45,2025-01-22,2016,N,VIIRS,n,2,293.29,2.2,N,2,151
15.06652,79.13298,335.43,0.73,0.76,2025-03-18,854,N,VIIRS,l,2,307.16,7.8,D,0,5
21.2494,82.19414,335.58,0.41,0.37,2025-02-13,735,N,VIIRS,l,2,309.35,4.46,D,0,4
23.55696,87.24382,304.19,0.43,0.46,2025-01-22,2016,N,VIIRS,n,2,288.79,4.19,N,3,247
19.62695,84.62415,310.24,0.56,0.43,2025-02-09,1939,N,VIIRS,n,2,290.63,0.93,N,0,1
18.6033,82.45057,334.07,0.65,0.73,2025-03-19,836,N,VIIRS,n,2,297.1,5.66,D,0,1
22.54687,83.39634,336.02,0.32,0.55,2025-03-15,812,N,VIIRS,l,2,308.75,2.46,D,0,1
22.35851,87.29104,314.45,0.4,0.37,2025-03-28,1956,N,VIIRS,n,2,298.96,1.94,N,2,58
24.28203,92.32713,353.57,0.61,0.53,2025-03-26,625,N,VIIRS,n,2,303.31,16.84,D,0,2
23.69196,87.1119,304.69,0.58,0.52,2025-02-10,1919,N,VIIRS,n,2,290.59,2.56,N,2,117
22.36648,86.53795,342.4,0.41,0.45,2025-03-11,747,N,VIIRS,n,2,308.19,5.22,D,0,3
24.00593,92.69373,341.31,0.33,0.56,2025-02-13,735,N,VIIRS,n,2,296.69,25.05,D,0,1
21.92692,83.33766,319.65,0.48,0.48,2025-02-25,1938,N,VIIRS,n,2,295.23,2.41,N,3,58
15.17385,76.65598,310.16,0.5,0.41,2025-02-02,2012,N,VIIRS,n,2,295.33,1.71,N,2,49
18.23746,80.78474,347.47,0.39,0.36,2025-03-16,752,N,VIIRS,n,2,311.69,13.31,D,0,2
20.54495,81.6982,348.02,0.38,0.36,2025-03-27,746,N,VIIRS,n,2,317.96,6.52,D,0,2
22.04205,83.72572,299.13,0.54,0.68,2025-01-04,2054,N,VIIRS,n,2,285.96,3.58,N,0,440
23.68774,87.12029,311.66,0.42,0.45,2025-02-23,2015,N,VIIRS,n,2,291.09,2.17,N,2,312
23.77851,86.20951,314.16,0.46,0.47,2025-01-27,2022,N,VIIRS,n,2,288.76,2.28,N,2,324
22.41968,84.44454,330.71,0.39,0.36,2025-03-17,735,N,VIIRS,l,2,305.14,1.66,D,0,1
23.23643,85.00252,295.53,0.39,0.36,2025-03-17,2003,N,VIIRS,n,2,282.83,0.2,N,0,1
22.34999,92.86349,352.94,0.49,0.4,2025-03-25,644,N,VIIRS,n,2,310.02,15.64,D,0,11
17.94847,74.67377,337.93,0.43,0.38,2025-02-05,825,N,VIIRS,n,2,309.13,7.25,D,0,1
23.77832,86.34458,312.63,0.47,0.48,2025-01-27,2022,N,VIIRS,n,2,285.82,1.82,N,2,87
13.91213,77.94308,344.13,0.38,0.59,2025-02-04,842,N,VIIRS,n,2,306.33,3.66,D,0,1
17.31216,80.26331,333.55,0.55,0.43,2025-02-13,734,N,VIIRS,n,2,305.43,4.35,D,0,1
20.44455,79.7348,354.27,0.36,0.57,2025-03-14,831,N,VIIRS,n,2,314.06,12.54,D,0,4
20.51215,82.51614,332.53,0.44,0.38,2025-03-16,753,N,VIIRS,l,2,304.86,2.92,D,0,2
22.45665,77.43896,343.72,0.54,0.5,2025-03-30,831,N,VIIRS,n,2,308.79,11.55,D,0,1
15.3365,76.27624,300.44,0.62,0.54,2025-01-09,2102,N,VIIRS,n,2,288.84,2.47,N,2,40
20.97098,86.01115,306.92,0.63,0.72,2025-01-15,2048,N,VIIRS,n,2,288.9,2.64,N,2,190
15.91545,77.36287,306.66,0.35,0.56,2025-03-14,2102,N,VIIRS,n,2,294.8,0.73,N,2,38
22.80958,78.96413,344.19,0.45,0.63,2025-01-14,838,N,VIIRS,n,2,293.21,5.84,D,0,1
22.85359,77.50478,341.86,0.4,0.37,2025-03-10,807,N,VIIRS,l,2,314.85,4.94,D,0,1
17.42389,77.6642,340.14,0.63,0.54,2025-02-15,837,N,VIIRS,l,2,313.55,4.69,D,0,1
19.05677,80.38502,315.79,0.45,0.39,2025-03-17,2004,N,VIIRS,n,2,296.34,3.09,N,0,2
20.50009,76.54813,346.79,0.4,0.37,2025-03-21,759,N,VIIRS,n,2,316.15,7.79,D,0,1
22.98006,78.6539,337.32,0.48,0.4,2025-03-22,741,N,VIIRS,n,2,310.71,5.0,D,0,1
23.61273,86.7882,308.48,0.5,0.41,2025-03-29,1937,N,VIIRS,n,2,294.76,1.51,N,2,84
29.66818,77.58542,328.09,0.46,0.39,2025-01-05,809,N,VIIRS,n,2,293.16,2.86,D,0,2
27.08783,79.96281,342.33,0.41,0.37,2025-02-12,755,N,VIIRS,n,2,301.58,4.99,D,0,1
23.7958,86.35426,308.83,0.55,0.43,2025-03-27,2015,N,VIIRS,n,2,298.03,2.0,N,2,57
24.85762,93.65128,344.58,0.48,0.48,2025-03-10,626,N,VIIRS,n,2,296.76,11.92,D,0,2
25.73645,92.59149,337.39,0.55,0.51,2025-03-26,626,N,VIIRS,n,2,296.83,9.61,D,0,1
24.49218,73.71189,350.01,0.56,0.51,2025-03-06,742,N,VIIRS,n,2,307.35,7.79,D,0,2
24.16488,82.63038,338.6,0.39,0.36,2025-01-28,736,N,VIIRS,n,2,307.93,3.57,D,0,53
19.66517,78.83274,305.07,0.57,0.69,2025-03-08,1933,N,VIIRS,n,2,294.38,2.31,N,0,2
22.7913,86.2103,314.43,0.51,0.41,2025-03-13,1938,N,VIIRS,n,2,297.52,3.73,N,2,136
26.60579,73.68206,300.65,0.45,0.47,2025-02-12,2022,N,VIIRS,n,2,286.4,1.38,N,2,17
22.05554,88.12315,327.97,0.48,0.48,2025-01-09,1919,N,VIIRS,n,2,293.47,3.91,N,2,42
20.52359,81.20795,340.74,0.38,0.36,2025-03-11,747,N,VIIRS,n,2,312.63,2.09,D,0,2
17.58996,79.12367,354.49,0.55,0.68,2025-03-13,709,N,VIIRS,n,2,302.64,9.49,D,0,2
13.99933,78.87742,332.71,0.42,0.45,2025-03-22,739,N,VIIRS,n,2,300.92,1.74,D,0,1
19.6589,84.1469,340.33,0.39,0.36,2025-03-22,740,N,VIIRS,n,2,296.48,4.64,D,0,1
25.71237,93.87182,307.92,0.49,0.4,2025-03-18,1943,N,VIIRS,n,2,291.18,1.59,N,0,1
21.93231,85.22377,298.99,0.66,0.73,2025-02-21,2054,N,VIIRS,n,2,286.31,0.64,N,2,165
21.71889,84.05247,336.98,0.45,0.39,2025-02-23,747,N,VIIRS,n,2,309.61,3.96,D,0,10
23.82715,85.49892,304.94,0.39,0.36,2025-03-12,1956,N,VIIRS,n,2,294.48,1.64,N,2,47
19.94721,82.22127,331.86,0.43,0.38,2025-01-27,753,N,VIIRS,l,2,306.67,2.99,D,0,2
24.1872,82.66473,303.0,0.58,0.7,2025-03-30,1918,N,VIIRS,n,2,291.21,1.51,N,0,11
21.93149,85.22274,303.53,0.4,0.37,2025-01-12,2003,N,VIIRS,n,2,285.71,1.03,N,2,165
23.82752,84.93239,338.62,0.54,0.42,2025-02-09,710,N,VIIRS,n,2,312.75,7.1,D,2,162
22.28783,84.31831,347.03,0.42,0.45,2025-02-09,710,N,VIIRS,n,2,309.05,7.88,D,0,2
12.4988,77.96103,338.31,0.39,0.36,2025-03-31,810,N,VIIRS,l,2,312.66,2.03,D,0,1
25.48044,93.00172,367.0,0.46,0.39,2025-03-29,710,N,VIIRS,l,2,333.08,51.14,D,0,4
23.81706,81.76334,335.5,0.41,0.61,2025-03-25,825,N,VIIRS,n,2,307.44,2.45,D,0,1
20.61046,83.8128,342.49,0.5,0.41,2025-03-16,753,N,VIIRS,n,2,307.21,5.99,D,0,1
18.44629,73.59956,349.09,0.56,0.69,2025-03-28,908,N,VIIRS,n,2,301.33,10.69,D,0,2
23.67855,86.10498,334.96,0.39,0.36,2025-03-12,729,N,VIIRS,l,2,309.36,2.51,D,2,87
19.95273,83.42352,312.25,0.54,0.42,2025-03-16,2022,N,VIIRS,n,2,296.26,2.53,N,0,2
23.78207,86.34854,303.89,0.32,0.55,2025-01-09,1919,N,VIIRS,n,2,284.71,0.76,N,2,199
20.81415,86.45517,339.26,0.43,0.38,2025-03-02,715,N,VIIRS,n,2,307.39,5.39,D,0,1
21.86029,83.96628,303.93,0.45,0.47,2025-02-17,2029,N,VIIRS,n,2,291.4,1.45,N,2,50
20.96812,86.0121,330.0,0.4,0.37,2025-02-03,722,N,VIIRS,l,2,303.85,3.3,D,2,190
15.1802,76.66474,308.53,0.39,0.36,2025-01-16,2031,N,VIIRS,n,2,292.41,1.38,N,2,187
13.5622,76.66905,330.97,0.4,0.6,2025-01-24,848,N,VIIRS,l,2,303.58,2.84,D,0,1
24.94628,93.31107,348.38,0.51,0.5,2025-03-26,626,N,VIIRS,n,2,300.02,10.03,D,0,3
23.81061,84.84443,297.97,0.52,0.67,2025-03-09,1912,N,VIIRS,n,2,287.97,0.8,N,2,78
21.5139,82.11795,347.97,0.44,0.38,2025-01-27,754,N,VIIRS,n,2,311.34,8.19,D,0,1
22.90714,69.70115,306.59,0.45,0.39,2025-02-20,2113,N,VIIRS,n,2,291.74,1.55,N,2,46
23.37263,78.83263,302.32,0.5,0.66,2025-03-29,1938,N,VIIRS,n,2,290.54,1.54,N,0,2
25.13643,86.33098,339.05,0.42,0.45,2025-03-27,748,N,VIIRS,n,2,310.53,1.9,D,0,1
23.75903,86.40457,329.99,0.41,0.37,2025-01-13,716,N,VIIRS,l,2,301.36,4.13,D,2,481
21.72996,83.81937,305.04,0.38,0.36,2025-03-17,2003,N,VIIRS,n,2,294.09,1.47,N,0,51
20.45053,82.47168,340.58,0.47,0.4,2025-03-12,728,N,VIIRS,l,2,314.0,4.56,D,0,1
20.44782,78.02953,310.83,0.63,0.54,2025-02-19,1952,N,VIIRS,n,2,291.98,1.89,N,0,2
23.76228,86.40097,304.9,0.51,0.41,2025-02-25,1938,N,VIIRS,n,2,276.77,0.84,N,2,481
21.81351,87.09026,333.67,0.45,0.39,2025-02-09,710,N,VIIRS,n,2,304.39,2.76,D,0,2
28.12601,79.99741,345.55,0.39,0.44,2025-01-21,808,N,VIIRS,n,2,296.47,4.71,D,0,2
18.28095,73.22755,334.19,0.4,0.44,2025-03-21,759,N,VIIRS,l,2,306.59,16.25,D,0,1
22.47691,87.19218,330.68,0.53,0.42,2025-03-08,703,N,VIIRS,n,2,303.79,2.11,D,0,1
20.6185,75.69085,356.87,0.42,0.37,2025-02-01,800,N,VIIRS,l,2,307.39,9.33,D,0,4
22.9349,77.39158,338.48,0.4,0.37,2025-03-10,807,N,VIIRS,l,2,312.13,1.37,D,0,2
17.14432,78.22148,300.41,0.44,0.46,2025-02-24,1959,N,VIIRS,n,2,290.01,0.78,N,2,14
25.62352,92.53749,327.17,0.64,0.72,2025-01-17,602,N,VIIRS,n,2,292.16,4.31,D,0,1
23.71619,92.41878,330.66,0.4,0.44,2025-03-07,722,N,VIIRS,n,2,302.65,11.38,D,0,2
20.73123,80.59884,335.08,0.39,0.59,2025-03-13,709,N,VIIRS,l,2,308.81,3.68,D,0,2
15.50152,74.48885,345.8,0.56,0.43,2025-03-21,758,N,VIIRS,n,2,305.35,8.2,D,0,2
22.92959,75.77619,298.79,0.4,0.45,2025-03-30,2100,N,VIIRS,n,2,286.23,0.46,N,0,2
24.16651,82.63019,314.9,0.46,0.39,2025-01-23,1957,N,VIIRS,n,2,289.51,3.2,N,0,118
23.68562,86.39153,329.25,0.41,0.37,2025-01-12,2003,N,VIIRS,n,2,290.86,1.91,N,2,235
21.37442,81.64257,307.65,0.49,0.4,2025-03-28,1957,N,VIIRS,n,2,297.18,2.62,N,2,21
20.97202,85.17596,329.0,0.38,0.36,2025-03-12,1957,N,VIIRS,n,2,300.3,2.18,N,2,101
10.93521,76.39354,333.14,0.5,0.41,2025-03-30,828,N,VIIRS,n,2,301.04,4.52,D,0,1
21.37538,81.63979,306.13,0.48,0.48,2025-01-13,1945,N,VIIRS,n,2,289.26,1.85,N,2,98
22.29226,76.57368,318.64,0.43,0.46,2025-03-22,2009,N,VIIRS,n,2,296.55,3.11,N,0,4
20.86715,80.34212,337.21,0.49,0.49,2025-03-20,818,N,VIIRS,n,2,303.03,3.43,D,0,2
28.05922,80.81251,326.36,0.44,0.39,2025-02-08,731,N,VIIRS,n,2,294.69,2.24,D,0,1
23.63244,86.83423,313.49,0.39,0.44,2025-01-03,1931,N,VIIRS,n,2,287.06,1.43,N,0,34
21.80113,82.04182,305.71,0.4,0.37,2025-01-28,2004,N,VIIRS,n,2,289.88,1.0,N,0,40
21.67804,84.04005,341.98,0.38,0.36,2025-03-01,735,N,VIIRS,n,2,315.09,4.66,D,2,262
24.15505,82.56497,300.69,0.64,0.72,2025-01-30,2106,N,VIIRS,n,2,287.16,1.3,N,0,42
19.94688,84.22954,351.99,0.41,0.37,2025-03-28,727,N,VIIRS,n,2,311.02,8.41,D,0,11
21.6976,84.03285,301.02,0.44,0.38,2025-01-02,1951,N,VIIRS,n,2,285.89,0.79,N,0,15
23.13551,79.27431,333.77,0.33,0.56,2025-03-18,716,N,VIIRS,l,2,306.88,2.46,D,0,1
22.36455,84.34147,309.52,0.44,0.38,2025-03-07,1951,N,VIIRS,n,2,291.19,0.79,N,0,1
19.11762,76.65538,338.13,0.36,0.57,2025-02-20,844,N,VIIRS,n,2,302.71,1.46,D,0,1
25.29678,92.9093,367.0,0.41,0.61,2025-03-16,614,N,VIIRS,h,2,298.43,50.59,D,0,13
24.98721,81.18984,345.98,0.39,0.36,2025-03-22,742,N,VIIRS,n,2,306.57,9.04,D,0,1
23.57042,81.68041,342.97,0.41,0.6,2025-03-25,825,N,VIIRS,n,2,310.14,2.71,D,0,2
27.60089,81.37222,332.06,0.43,0.38,2025-02-24,730,N,VIIRS,n,2,297.66,3.06,D,0,1
31.27499,77.29554,296.94,0.33,0.55,2025-01-08,2116,N,VIIRS,n,2,278.44,1.43,N,0,2
24.69125,73.00407,304.93,0.51,0.49,2025-02-09,2119,N,VIIRS,n,2,288.76,1.43,N,2,39
20.98957,82.28602,305.43,0.45,0.47,2025-03-10,2035,N,VIIRS,n,2,295.38,1.93,N,0,1
22.84515,77.08341,333.24,0.47,0.48,2025-03-17,735,N,VIIRS,n,2,301.49,2.5,D,0,2
17.5883,82.08871,350.11,0.38,0.36,2025-02-23,746,N,VIIRS,n,2,312.51,4.59,D,0,3
22.33313,82.53434,302.19,0.34,0.56,2025-01-19,1932,N,VIIRS,n,2,288.45,0.75,N,2,36
16.88802,74.36037,367.0,0.62,0.71,2025-02-24,908,N,VIIRS,h,2,306.47,9.2,D,0,2
13.03046,77.35297,336.67,0.53,0.5,2025-02-15,836,N,VIIRS,n,2,307.6,3.47,D,0,2
20.38718,82.55896,302.88,0.39,0.44,2025-03-05,2029,N,VIIRS,n,2,292.55,0.76,N,0,5
24.78062,93.77505,351.34,0.57,0.69,2025-02-18,601,N,VIIRS,n,2,292.17,9.34,D,0,2
23.76353,86.39035,313.93,0.52,0.42,2025-03-29,1937,N,VIIRS,n,2,300.41,3.89,N,2,74
20.76017,82.08722,344.37,0.39,0.36,2025-03-11,747,N,VIIRS,n,2,315.63,3.74,D,0,2
20.24503,77.01585,349.12,0.43,0.46,2025-03-22,740,N,VIIRS,n,2,313.21,6.19,D,0,1
20.97629,85.13844,310.77,0.58,0.52,2025-03-03,1926,N,VIIRS,n,2,294.86,3.43,N,2,216
21.69681,82.39967,336.52,0.35,0.57,2025-03-04,819,N,VIIRS,l,2,307.84,2.82,D,0,1
22.36484,87.29897,323.37,0.38,0.36,2025-01-18,1951,N,VIIRS,n,2,292.84,2.63,N,2,92
23.76207,86.40184,331.98,0.35,0.57,2025-01-04,645,N,VIIRS,n,2,301.08,3.61,D,2,481
23.61782,86.86173,303.62,0.39,0.59,2025-03-10,2034,N,VIIRS,n,2,290.01,0.6,N,2,19
20.78846,85.25934,310.67,0.56,0.51,2025-02-15,1926,N,VIIRS,n,2,293.95,2.62,N,2,248
24.13964,82.56583,334.05,0.39,0.36,2025-02-13,736,N,VIIRS,l,2,306.73,2.35,D,0,59
23.66789,84.99685,302.9,0.63,0.72,2025-02-16,1907,N,VIIRS,n,2,285.31,2.05,N,2,74
25.49502,91.55714,336.31,0.41,0.45,2025-03-04,639,N,VIIRS,n,2,302.48,2.59,D,0,1
15.30289,79.09377,342.16,0.44,0.46,2025-03-25,823,N,VIIRS,n,2,303.65,4.04,D,0,2
22.20839,84.88033,310.42,0.39,0.36,2025-03-17,2003,N,VIIRS,n,2,293.5,0.6,N,2,36
14.01636,77.79549,335.01,0.4,0.37,2025-02-27,811,N,VIIRS,n,2,302.99,2.07,D,0,1
23.7211,86.44774,310.67,0.32,0.54,2025-02-10,1919,N,VIIRS,n,2,298.32,2.14,N,2,35
19.10493,82.16357,312.02,0.41,0.45,2025-01-13,1946,N,VIIRS,n,2,287.37,0.94,N,2,23
26.28643,94.76672,342.9,0.39,0.44,2025-03-10,626,N,VIIRS,n,2,292.75,3.1,D,0,1
22.16455,92.67385,367.0,0.5,0.49,2025-03-15,631,N,VIIRS,h,2,300.48,246.99,D,0,4
18.13386,79.93908,306.02,0.59,0.53,2025-02-16,2049,N,VIIRS,n,2,293.28,1.91,N,0,2
11.4333,76.24056,332.02,0.41,0.45,2025-02-12,751,N,VIIRS,n,2,305.05,3.6,D,0,1
23.77874,86.38983,332.8,0.43,0.38,2025-02-14,1944,N,VIIRS,n,2,296.15,2.84,N,2,400
21.86321,73.8226,344.58,0.4,0.45,2025-03-19,2106,N,VIIRS,n,2,294.61,5.08,N,0,1
17.85194,76.29329,297.35,0.47,0.48,2025-01-28,2005,N,VIIRS,n,2,285.37,0.71,N,0,4
19.34322,80.17547,339.84,0.46,0.47,2025-03-20,818,N,VIIRS,n,2,303.94,4.56,D,0,3
20.43446,82.50661,303.14,0.39,0.44,2025-03-05,2029,N,VIIRS,n,2,289.94,0.76,N,0,2
23.69992,86.07578,295.69,0.44,0.62,2025-02-27,2040,N,VIIRS,n,2,271.35,1.27,N,2,25
21.98993,85.45322,337.67,0.43,0.46,2025-03-16,753,N,VIIRS,n,2,308.58,3.25,D,0,1
21.73255,83.98517,304.3,0.41,0.37,2025-02-18,2010,N,VIIRS,n,2,292.45,0.95,N,2,25
24.52551,93.59371,335.23,0.41,0.45,2025-03-31,632,N,VIIRS,n,2,299.61,24.27,D,0,2
22.794,86.19308,301.68,0.43,0.38,2025-01-29,1945,N,VIIRS,n,2,291.48,0.71,N,2,10
20.15184,75.08661,335.96,0.47,0.39,2025-02-05,825,N,VIIRS,n,2,305.99,2.17,D,0,1
19.38297,84.21667,346.26,0.42,0.45,2025-03-21,759,N,VIIRS,n,2,313.78,3.83,D,0,1
19.76561,81.76939,298.33,0.38,0.36,2025-03-06,2010,N,VIIRS,n,2,285.29,0.71,N,0,1
13.93718,76.42887,342.74,0.6,0.53,2025-02-04,842,N,VIIRS,n,2,309.18,6.59,D,0,2
22.03829,83.35357,310.33,0.42,0.38,2025-03-12,1957,N,VIIRS,n,2,296.67,1.41,N,2,199
24.37196,79.56702,301.74,0.32,0.55,2025-03-30,2059,N,VIIRS,n,2,288.58,0.88,N,0,4
23.73619,86.43728,302.57,0.58,0.7,2025-01-31,2047,N,VIIRS,n,2,290.4,3.16,N,2,26
19.91439,83.40447,334.38,0.39,0.37,2025-03-17,734,N,VIIRS,l,2,307.83,2.28,D,0,1
17.75578,80.41224,336.09,0.38,0.36,2025-02-28,753,N,VIIRS,l,2,308.64,2.71,D,0,2
19.06445,80.5425,345.05,0.48,0.48,2025-03-20,818,N,VIIRS,n,2,310.82,6.56,D,0,2
23.88372,73.37322,309.53,0.4,0.37,2025-03-31,2041,N,VIIRS,n,2,296.8,2.04,N,0,3
23.94041,93.81174,296.51,0.33,0.55,2025-03-17,2002,N,VIIRS,n,2,270.16,0.64,N,0,2
15.1968,78.87188,339.98,0.42,0.45,2025-03-25,823,N,VIIRS,n,2,307.89,3.12,D,0,1
24.12679,87.26792,333.15,0.39,0.36,2025-03-18,716,N,VIIRS,l,2,307.31,2.47,D,0,1
21.27184,78.62096,352.39,0.39,0.36,2025-03-16,753,N,VIIRS,n,2,318.78,11.3,D,0,2
14.062,77.80164,301.88,0.52,0.67,2025-02-15,2109,N,VIIRS,n,2,290.36,0.75,N,0,2
25.40094,92.97727,349.2,0.55,0.51,2025-03-28,729,N,VIIRS,n,2,298.92,12.4,D,0,4
22.32422,82.51513,312.75,0.45,0.47,2025-03-18,1944,N,VIIRS,n,2,295.99,1.59,N,0,21
18.77194,80.87884,337.6,0.5,0.41,2025-03-17,734,N,VIIRS,n,2,310.34,3.25,D,0,1
22.78984,86.20159,336.48,0.42,0.38,2025-01-13,716,N,VIIRS,n,2,298.35,7.4,D,2,220
20.97235,85.17122,301.53,0.44,0.62,2025-02-27,2041,N,VIIRS,n,2,282.21,2.21,N,2,273
17.84147,74.31312,304.64,0.5,0.41,2025-03-09,2055,N,VIIRS,n,2,293.5,0.82,N,0,2
23.73885,85.00694,307.39,0.4,0.44,2025-01-08,1938,N,VIIRS,n,2,283.5,1.26,N,2,201
31.16646,75.59923,341.19,0.41,0.37,2025-01-21,809,N,VIIRS,n,2,294.46,3.82,D,0,1
22.16227,84.88,330.21,0.38,0.59,2025-02-26,651,N,VIIRS,n,2,299.3,2.33,D,0,2
20.47841,80.40427,332.73,0.39,0.59,2025-03-30,831,N,VIIRS,l,2,306.02,3.35,D,0,1
20.44011,83.8665,305.5,0.46,0.39,2025-03-27,2016,N,VIIRS,n,2,293.49,1.86,N,0,2
21.38846,84.22209,331.29,0.54,0.42,2025-03-02,716,N,VIIRS,n,2,305.47,2.42,D,0,1
20.96781,86.01051,305.98,0.39,0.36,2025-02-24,1957,N,VIIRS,n,2,294.1,1.24,N,2,190
16.34703,77.3658,338.51,0.38,0.36,2025-03-10,805,N,VIIRS,l,2,312.8,3.27,D,0,2
18.1736,78.38286,342.12,0.56,0.43,2025-02-18,740,N,VIIRS,n,2,310.62,8.83,D,0,2
23.77626,86.36391,332.46,0.46,0.39,2025-01-08,710,N,VIIRS,l,2,303.12,5.1,D,2,72
17.30797,80.543,334.32,0.37,0.58,2025-03-30,830,N,VIIRS,n,2,296.62,5.05,D,0,1
19.43526,80.82313,347.71,0.49,0.41,2025-03-26,805,N,VIIRS,n,2,308.66,27.53,D,0,2
23.61641,86.78902,302.04,0.6,0.53,2025-01-25,1919,N,VIIRS,n,2,287.94,1.16,N,2,72
21.01751,83.86069,336.51,0.39,0.36,2025-03-01,735,N,VIIRS,n,2,308.9,2.24,D,0,3
20.96309,85.17363,341.18,0.39,0.36,2025-02-13,735,N,VIIRS,l,2,313.43,5.28,D,2,176
17.05074,74.91026,344.05,0.49,0.4,2025-02-01,759,N,VIIRS,n,2,310.89,7.9,D,0,1
28.34648,77.23009,300.24,0.56,0.51,2025-03-01,2002,N,VIIRS,n,2,286.91,0.9,N,2,28
24.98569,93.66629,335.44,0.49,0.49,2025-03-26,626,N,VIIRS,n,2,296.3,8.2,D,0,2
17.46785,78.20218,337.05,0.39,0.36,2025-01-21,805,N,VIIRS,n,2,311.06,1.72,D,0,1
20.24066,79.90301,346.28,0.69,0.74,2025-03-19,657,N,VIIRS,n,2,298.54,7.05,D,0,1
17.63263,77.88674,332.55,0.51,0.66,2025-02-14,715,N,VIIRS,l,2,307.29,4.12,D,0,1
18.68191,73.03266,304.9,0.66,0.73,2025-03-23,1952,N,VIIRS,n,2,293.43,2.6,N,2,87
22.97106,78.91039,344.22,0.67,0.74,2025-02-15,658,N,VIIRS,n,2,298.01,7.26,D,0,2
17.93676,80.38537,346.98,0.4,0.37,2025-03-11,746,N,VIIRS,n,2,311.65,6.41,D,0,2
19.25271,80.445,345.16,0.47,0.4,2025-03-26,805,N,VIIRS,n,2,313.28,7.22,D,0,1
21.37755,84.98151,343.87,0.39,0.36,2025-02-13,735,N,VIIRS,n,2,307.07,5.44,D,3,1
22.79151,86.19719,306.94,0.42,0.61,2025-03-09,1913,N,VIIRS,n,2,292.92,2.46,N,2,220
29.09152,76.81786,330.58,0.49,0.41,2025-02-11,815,N,VIIRS,n,2,295.85,3.76,D,0,2
23.85217,86.13998,346.18,0.42,0.38,2025-03-18,716,N,VIIRS,n,2,311.67,2.95,D,0,2
25.29724,94.32686,333.48,0.53,0.42,2025-03-29,710,N,VIIRS,l,2,304.51,4.4,D,0,1
23.77815,86.39405,312.52,0.43,0.38,2025-02-14,1944,N,VIIRS,n,2,297.18,1.92,N,2,400
21.53578,84.52444,303.54,0.49,0.49,2025-03-05,2029,N,VIIRS,n,2,292.39,2.1,N,0,2
25.75047,91.14461,341.83,0.54,0.42,2025-03-07,723,N,VIIRS,n,2,295.99,7.58,D,0,5
22.80142,86.09074,313.44,0.44,0.39,2025-03-18,1944,N,VIIRS,n,2,297.43,1.83,N,2,166
26.52371,90.53372,301.11,0.49,0.65,2025-03-10,1853,N,VIIRS,n,2,286.78,3.51,N,2,27
24.21058,93.78419,338.26,0.4,0.44,2025-03-15,632,N,VIIRS,n,2,302.4,16.22,D,0,6
22.90759,69.87428,298.41,0.4,0.37,2025-02-05,2054,N,VIIRS,n,2,286.11,0.46,N,0,10
17.95724,80.78616,331.95,0.43,0.38,2025-01-17,740,N,VIIRS,l,2,304.87,1.44,D,0,57
29.25933,78.17532,330.07,0.35,0.57,2025-02-09,712,N,VIIRS,n,2,298.11,1.57,D,0,1
18.48569,81.70867,340.5,0.54,0.42,2025-02-24,728,N,VIIRS,n,2,306.32,2.52,D,0,3
23.94982,92.32322,351.31,0.49,0.49,2025-03-12,729,N,VIIRS,n,2,298.56,46.39,D,0,3
23.39711,93.24399,339.84,0.56,0.68,2025-03-11,747,N,VIIRS,n,2,293.53,281.6,D,0,10
23.82292,84.93194,306.33,0.48,0.4,2025-02-23,2016,N,VIIRS,n,2,286.57,1.4,N,0,43
25.55206,92.93595,339.67,0.4,0.37,2025-03-30,651,N,VIIRS,n,2,308.25,2.38,D,0,2
23.72333,86.44332,304.22,0.79,0.78,2025-01-21,1854,N,VIIRS,n,2,292.09,3.4,N,2,229
24.16526,82.62849,338.85,0.62,0.72,2025-01-25,832,N,VIIRS,n,2,303.12,6.39,D,0,118
21.74295,83.19047,335.91,0.61,0.71,2025-01-20,645,N,VIIRS,n,2,301.25,3.97,D,0,1
23.23599,87.92007,328.01,0.39,0.36,2025-01-02,722,N,VIIRS,n,2,300.4,1.74,D,0,2
22.23441,92.83758,343.52,0.49,0.49,2025-03-15,631,N,VIIRS,n,2,298.49,10.46,D,0,3
18.68086,73.04585,303.83,0.42,0.61,2025-03-02,2126,N,VIIRS,n,2,291.01,1.05,N,2,12
24.2083,82.70595,297.12,0.52,0.67,2025-02-26,2059,N,VIIRS,n,2,286.88,1.12,N,2,79
17.95173,82.62024,332.82,0.43,0.38,2025-03-17,733,N,VIIRS,l,2,306.65,2.35,D,0,1
14.18556,77.16439,320.94,0.73,0.76,2025-03-29,2121,N,VIIRS,n,2,295.59,3.63,N,0,1
14.14298,76.41982,343.02,0.56,0.43,2025-02-26,830,N,VIIRS,n,2,315.93,53.99,D,0,1
25.06337,93.85483,356.21,0.62,0.54,2025-03-28,728,N,VIIRS,n,2,304.84,95.04,D,0,14
22.36882,87.01935,306.81,0.42,0.61,2025-03-10,2034,N,VIIRS,n,2,290.77,1.05,N,2,94
13.46963,79.6361,331.17,0.39,0.36,2025-03-06,2012,N,VIIRS,n,2,295.35,4.29,N,0,2
23.78997,84.78636,312.11,0.4,0.37,2025-03-28,1956,N,VIIRS,n,2,294.82,1.3,N,0,14
22.35515,82.30158,300.72,0.4,0.37,2025-01-22,2016,N,VIIRS,n,2,290.28,0.82,N,2,164
23.17564,79.22729,340.07,0.42,0.61,2025-03-29,710,N,VIIRS,n,2,309.29,10.46,D,0,8
21.22759,74.20135,355.88,0.39,0.36,2025-03-15,812,N,VIIRS,n,2,318.35,7.46,D,0,2
23.78398,86.20957,315.87,0.45,0.63,2025-01-26,2041,N,VIIRS,n,2,287.93,2.3,N,2,324
23.0513,71.33348,333.53,0.58,0.52,2025-03-02,857,N,VIIRS,n,2,303.46,3.14,D,0,2
22.0429,83.7374,325.82,0.46,0.39,2025-01-18,1951,N,VIIRS,n,2,295.51,2.6,N,2,243
12.90482,77.43317,340.73,0.42,0.61,2025-03-13,848,N,VIIRS,n,2,312.21,1.68,D,0,1
21.70362,83.81121,307.49,0.45,0.39,2025-03-11,2016,N,VIIRS,n,2,292.86,1.12,N,0,1
15.17267,76.37753,310.47,0.38,0.44,2025-03-20,2049,N,VIIRS,n,2,293.68,3.26,N,2,115
26.68551,91.05712,330.99,0.35,0.57,2025-02-18,742,N,VIIRS,n,2,295.51,5.65,D,0,1
19.30601,78.67176,306.83,0.53,0.42,2025-02-13,2005,N,VIIRS,n,2,290.68,1.01,N,0,2
19.32351,84.34818,331.36,0.39,0.36,2025-03-17,2004,N,VIIRS,n,2,299.61,2.47,N,0,2
18.7212,79.5369,314.25,0.38,0.59,2025-02-09,1940,N,VIIRS,n,2,295.83,1.66,N,2,123
21.23971,84.99213,346.85,0.39,0.36,2025-02-24,728,N,VIIRS,n,2,313.27,5.61,D,0,1
23.78363,86.20749,311.55,0.57,0.52,2025-02-01,2028,N,VIIRS,n,2,289.97,3.39,N,2,324
22.20088,86.28416,335.57,0.43,0.38,2025-03-18,716,N,VIIRS,l,2,309.96,3.04,D,0,1
16.16609,78.68525,333.66,0.79,0.78,2025-03-08,702,N,VIIRS,l,2,304.43,6.95,D,0,1
24.96871,81.20481,304.33,0.4,0.6,2025-03-14,2059,N,VIIRS,n,2,291.16,0.44,N,0,2
21.78189,83.83775,305.23,0.54,0.42,2025-02-28,2022,N,VIIRS,n,2,290.93,1.25,N,0,77
18.5218,77.57987,340.89,0.42,0.37,2025-03-15,812,N,VIIRS,l,2,314.58,6.84,D,0,1
23.78263,92.11597,352.99,0.51,0.49,2025-03-31,632,N,VIIRS,n,2,298.01,24.13,D,0,2
23.67879,86.39716,306.37,0.51,0.49,2025-01-14,1925,N,VIIRS,n,2,290.86,2.8,N,2,180
22.79811,86.20764,299.4,0.73,0.76,2025-01-20,2053,N,VIIRS,n,2,288.96,1.05,N,2,84
23.16542,82.3362,346.65,0.39,0.36,2025-03-11,2016,N,VIIRS,n,2,297.93,4.43,N,2,394
21.77596,83.83354,302.14,0.35,0.57,2025-02-27,2041,N,VIIRS,n,2,290.01,1.4,N,2,118
22.65667,87.60379,329.25,0.49,0.4,2025-01-12,735,N,VIIRS,n,2,300.81,2.85,D,0,1
14.39935,78.62306,327.92,0.56,0.51,2025-03-04,2050,N,VIIRS,n,2,297.22,3.05,N,0,1
24.97599,93.13311,355.21,0.55,0.68,2025-03-27,747,N,VIIRS,n,2,305.59,91.2,D,0,6
21.65168,78.28277,346.54,0.33,0.55,2025-03-23,722,N,VIIRS,n,2,314.01,3.6,D,0,2
15.33956,76.27695,331.78,0.45,0.39,2025-01-16,758,N,VIIRS,n,2,301.71,2.15,D,2,40
14.21532,77.89228,333.9,0.4,0.37,2025-02-17,758,N,VIIRS,n,2,308.18,3.94,D,0,2
24.63355,93.55526,340.64,0.4,0.44,2025-02-27,632,N,VIIRS,n,2,299.1,4.29,D,0,1
22.31623,82.52995,301.83,0.46,0.47,2025-02-06,2035,N,VIIRS,n,2,290.87,0.78,N,2,58
23.69868,79.86671,338.93,0.47,0.64,2025-03-24,704,N,VIIRS,l,2,311.06,5.2,D,0,3
15.0206,78.01529,308.41,0.44,0.62,2025-02-25,1941,N,VIIRS,n,2,294.67,1.89,N,2,38
25.40292,92.85916,341.52,0.43,0.46,2025-03-31,632,N,VIIRS,n,2,300.62,14.53,D,0,3
25.39813,90.67705,338.06,0.39,0.6,2025-03-27,748,N,VIIRS,n,2,291.86,2.49,D,0,2
24.37814,94.06075,300.65,0.46,0.39,2025-03-25,1912,N,VIIRS,n,2,287.98,0.96,N,0,8
24.60536,94.51045,334.58,0.45,0.39,2025-03-20,638,N,VIIRS,n,2,300.02,3.09,D,0,1
22.05446,88.12667,312.3,0.48,0.65,2025-02-11,1901,N,VIIRS,n,2,293.66,1.92,N,2,80
25.67154,94.3946,353.82,0.63,0.72,2025-03-17,555,N,VIIRS,n,2,296.66,132.41,D,0,1
23.61452,82.31666,339.63,0.56,0.52,2025-03-31,813,N,VIIRS,n,2,306.03,3.99,D,0,1
21.53438,84.33414,344.47,0.4,0.37,2025-03-12,728,N,VIIRS,n,2,311.63,4.22,D,0,1
23.77633,86.20891,329.06,0.45,0.39,2025-03-18,1944,N,VIIRS,n,2,298.36,3.14,N,2,324
28.77409,76.79654,304.97,0.39,0.36,2025-02-06,2033,N,VIIRS,n,2,281.42,0.69,N,0,1
21.84774,83.10367,342.28,0.5,0.41,2025-03-07,722,N,VIIRS,n,2,313.85,2.64,D,0,1
22.7262,81.99769,346.41,0.42,0.45,2025-03-26,806,N,VIIRS,l,2,316.89,8.72,D,0,1
23.97278,93.81008,332.44,0.48,0.4,2025-03-13,710,N,VIIRS,n,2,302.01,3.02,D,0,1
21.28768,82.74031,353.69,0.35,0.56,2025-03-08,703,N,VIIRS,n,2,304.97,3.32,D,0,1
25.23729,92.98383,338.26,0.45,0.39,2025-03-29,710,N,VIIRS,l,2,311.28,36.68,D,0,1
22.2233,78.17264,340.85,0.47,0.4,2025-03-15,813,N,VIIRS,n,2,309.35,2.12,D,0,1
20.66238,82.38103,343.32,0.37,0.58,2025-03-08,703,N,VIIRS,n,2,308.37,4.92,D,0,3
21.68657,82.33064,332.67,0.4,0.37,2025-01-28,735,N,VIIRS,l,2,307.23,2.37,D,0,2
25.88677,92.00738,337.16,0.39,0.36,2025-03-19,657,N,VIIRS,n,2,304.19,4.19,D,0,2
23.48724,87.36894,297.7,0.38,0.36,2025-01-02,1950,N,VIIRS,n,2,286.8,0.52,N,2,29
24.94129,93.38068,332.88,0.49,0.65,2025-03-11,607,N,VIIRS,n,2,292.04,28.19,D,0,3
20.63018,83.62262,337.34,0.5,0.41,2025-02-28,753,N,VIIRS,l,2,310.77,3.6,D,0,1
18.30453,82.85468,344.01,0.41,0.45,2025-03-26,805,N,VIIRS,n,2,311.23,6.83,D,0,1
23.67685,86.40391,299.85,0.46,0.64,2025-01-26,2041,N,VIIRS,n,2,287.12,1.24,N,2,180
22.57614,85.89783,298.34,0.33,0.56,2025-01-09,1919,N,VIIRS,n,2,286.54,0.79,N,0,18
22.41799,77.01691,323.18,0.39,0.44,2025-03-25,2053,N,VIIRS,n,2,291.25,2.5,N,0,1
20.91278,83.89747,334.88,0.44,0.39,2025-01-22,747,N,VIIRS,n,2,307.53,2.54,D,0,1
15.27385,77.85516,349.65,0.45,0.39,2025-02-12,752,N,VIIRS,n,2,314.11,5.45,D,0,2
31.78422,77.42419,295.25,0.49,0.4,2025-01-27,2020,N,VIIRS,n,2,275.37,0.78,N,0,1
24.98622,86.52609,304.91,0.53,0.42,2025-03-29,1937,N,VIIRS,n,2,293.12,1.55,N,0,7
14.24559,78.12537,313.53,0.52,0.5,2025-03-07,1953,N,VIIRS,n,2,294.23,2.64,N,0,2
23.69291,87.11369,304.59,0.44,0.38,2025-02-13,2003,N,VIIRS,n,2,289.13,1.82,N,2,117
18.74156,79.53078,306.72,0.39,0.36,2025-02-28,2023,N,VIIRS,n,2,295.46,0.81,N,0,1
18.68144,73.0324,303.18,0.64,0.72,2025-03-28,2138,N,VIIRS,n,2,292.13,3.17,N,2,87
23.83742,92.8733,335.78,0.44,0.39,2025-02-25,710,N,VIIRS,n,2,301.77,25.23,D,0,2
20.78566,85.26305,308.96,0.56,0.69,2025-03-04,2047,N,VIIRS,n,2,291.37,2.65,N,2,248
21.37121,81.89761,346.9,0.4,0.44,2025-03-07,722,N,VIIRS,n,2,315.23,5.46,D,0,1
17.83895,73.57413,367.0,0.34,0.56,2025-03-18,855,N,VIIRS,h,2,308.41,5.26,D,0,1
27.66654,76.1303,305.64,0.46,0.39,2025-01-04,2052,N,VIIRS,n,2,285.6,1.22,N,2,65
16.16451,74.21777,347.48,0.56,0.43,2025-02-17,759,N,VIIRS,n,2,311.5,7.21,D,0,3
23.39344,92.91888,367.0,0.42,0.46,2025-03-07,722,N,VIIRS,l,2,346.2,148.94,D,0,10
27.37831,95.08827,298.16,0.43,0.62,2025-01-01,2008,N,VIIRS,n,2,283.16,0.57,N,2,18
17.73482,81.89286,338.93,0.4,0.37,2025-03-16,752,N,VIIRS,l,2,313.43,13.76,D,0,2
27.96509,76.19453,349.47,0.4,0.37,2025-02-12,756,N,VIIRS,n,2,300.42,5.12,D,0,2
23.77834,86.21095,300.26,0.44,0.38,2025-02-14,1944,N,VIIRS,n,2,289.44,1.17,N,2,324
20.75963,85.2933,313.74,0.45,0.39,2025-03-02,1945,N,VIIRS,n,2,295.82,1.55,N,2,100
17.36211,81.07807,345.36,0.41,0.45,2025-02-24,727,N,VIIRS,n,2,311.07,12.19,D,0,1
20.33138,84.72849,322.07,0.39,0.36,2025-03-28,1957,N,VIIRS,n,2,297.48,2.18,N,0,1
15.25663,75.66203,302.45,0.72,0.75,2025-03-02,2127,N,VIIRS,n,2,289.85,4.07,N,0,3
23.12587,83.55829,341.96,0.45,0.47,2025-03-13,710,N,VIIRS,l,2,311.98,8.77,D,0,1
20.25915,80.18263,335.15,0.33,0.56,2025-03-18,715,N,VIIRS,l,2,305.93,3.28,D,0,1
18.68279,73.04195,336.07,0.43,0.38,2025-02-26,831,N,VIIRS,l,2,309.41,5.56,D,2,119
22.22749,84.75308,298.26,0.39,0.36,2025-02-08,1957,N,VIIRS,n,2,287.36,0.83,N,0,16
27.47048,71.35258,342.78,0.33,0.55,2025-02-14,859,N,VIIRS,n,2,308.51,2.09,D,0,2
20.96806,85.16756,313.8,0.45,0.39,2025-01-01,2010,N,VIIRS,n,2,290.36,1.29,N,2,273
24.6281,75.40722,350.85,0.52,0.42,2025-03-25,826,N,VIIRS,n,2,319.16,8.66,D,0,3
25.18779,93.6722,348.56,0.42,0.38,2025-03-08,704,N,VIIRS,n,2,300.69,7.3,D,0,3
25.0936,86.4444,343.79,0.43,0.46,2025-03-27,748,N,VIIRS,n,2,313.03,4.68,D,0,2
20.46827,82.18234,303.88,0.44,0.46,2025-03-02,1945,N,VIIRS,n,2,288.98,1.74,N,0,2
18.41954,76.54671,301.59,0.46,0.39,2025-01-22,2018,N,VIIRS,n,2,287.5,0.82,N,0,2
24.13798,80.5013,344.53,0.44,0.39,2025-03-01,736,N,VIIRS,n,2,306.41,8.05,D,0,1
23.82674,84.93348,298.57,0.37,0.58,2025-02-11,2041,N,VIIRS,n,2,286.3,0.88,N,2,162
22.22182,79.8272,344.7,0.39,0.36,2025-03-27,747,N,VIIRS,n,2,318.92,4.76,D,0,2
21.66147,84.48653,330.61,0.34,0.56,2025-03-19,657,N,VIIRS,n,2,301.4,2.76,D,0,2
23.16625,82.33669,318.86,0.65,0.73,2025-01-14,2106,N,VIIRS,n,2,285.44,4.97,N,2,394
20.78723,85.26219,338.88,0.48,0.4,2025-02-14,716,N,VIIRS,l,2,310.53,6.03,D,2,248
18.97075,82.19297,338.58,0.48,0.4,2025-03-21,759,N,VIIRS,n,2,303.18,3.68,D,0,4
24.64183,87.41967,333.82,0.39,0.36,2025-03-18,716,N,VIIRS,l,2,308.68,3.78,D,0,2
18.37066,73.39803,336.66,0.4,0.37,2025-01-04,824,N,VIIRS,l,2,309.98,4.01,D,0,3
14.25073,78.90234,316.34,0.39,0.59,2025-03-29,1940,N,VIIRS,n,2,295.69,2.72,N,0,1
25.21273,94.56621,340.94,0.57,0.52,2025-03-07,723,N,VIIRS,n,2,302.22,19.8,D,0,2
19.10337,82.16486,309.16,0.43,0.38,2025-02-24,1958,N,VIIRS,n,2,290.28,1.8,N,2,23
20.96362,85.1891,303.23,0.54,0.42,2025-01-08,1939,N,VIIRS,n,2,289.18,1.97,N,2,86
31.90102,75.52084,328.37,0.63,0.72,2025-03-18,859,N,VIIRS,n,2,296.29,2.58,D,0,2
21.61077,83.07371,335.65,0.5,0.41,2025-02-03,722,N,VIIRS,l,2,305.69,4.52,D,0,1
20.29466,82.42558,333.82,0.41,0.37,2025-03-01,734,N,VIIRS,l,2,305.17,6.98,D,0,2
21.07511,85.03695,302.7,0.46,0.64,2025-02-05,1914,N,VIIRS,n,2,292.68,1.84,N,2,259
22.36645,76.59211,331.59,0.51,0.5,2025-03-17,735,N,VIIRS,l,2,302.73,2.28,D,0,1
22.7921,86.1983,303.37,0.39,0.36,2025-01-18,1951,N,VIIRS,n,2,291.35,1.27,N,3,220
20.87951,82.88086,310.97,0.52,0.67,2025-03-30,1919,N,VIIRS,n,2,296.68,3.44,N,0,5
19.89444,81.14313,341.02,0.41,0.37,2025-03-06,740,N,VIIRS,n,2,309.32,2.42,D,0,1
25.34884,93.24471,338.69,0.41,0.37,2025-03-08,704,N,VIIRS,n,2,299.92,9.71,D,0,1
12.85544,79.90842,309.34,0.46,0.47,2025-01-05,2038,N,VIIRS,n,2,292.31,1.05,N,2,13
20.53856,84.52478,338.67,0.38,0.36,2025-03-17,734,N,VIIRS,n,2,305.93,5.21,D,0,1
23.79675,86.35336,313.9,0.38,0.36,2025-03-28,1956,N,VIIRS,n,2,299.52,1.99,N,2,57
23.62683,86.28844,314.27,0.43,0.62,2025-03-25,1912,N,VIIRS,n,2,291.07,2.09,N,2,42
25.91597,91.48804,346.88,0.47,0.4,2025-03-18,716,N,VIIRS,n,2,306.83,3.59,D,0,2
21.76431,84.01812,304.31,0.56,0.69,2025-02-21,2054,N,VIIRS,n,2,290.99,1.36,N,2,252
20.25555,81.9017,311.59,0.4,0.37,2025-03-17,2004,N,VIIRS,n,2,287.72,1.39,N,0,3
23.54976,92.50336,328.1,0.38,0.58,2025-03-05,620,N,VIIRS,n,2,293.1,42.3,D,0,10
25.9405,80.323,347.12,0.39,0.36,2025-03-22,742,N,VIIRS,n,2,315.34,4.07,D,0,1
13.93332,75.72646,331.55,0.39,0.36,2025-02-11,811,N,VIIRS,n,2,304.66,1.45,D,0,1
20.96093,85.1661,310.51,0.45,0.39,2025-01-01,2010,N,VIIRS,n,2,290.63,1.49,N,2,176
14.29311,77.78684,336.49,0.4,0.37,2025-03-31,810,N,VIIRS,l,2,308.92,5.75,D,0,2
22.96327,85.99743,301.85,0.43,0.46,2025-02-20,1932,N,VIIRS,n,2,290.37,0.5,N,2,21
20.31342,84.0677,305.03,0.38,0.58,2025-03-31,2041,N,VIIRS,n,2,292.17,1.1,N,0,1
18.90345,79.02295,334.81,0.39,0.44,2025-03-04,818,N,VIIRS,n,2,300.68,2.84,D,0,1
16.6126,73.56778,340.44,0.49,0.4,2025-02-22,805,N,VIIRS,n,2,306.75,4.02,D,0,1
21.76083,83.8423,327.97,0.45,0.47,2025-02-25,1938,N,VIIRS,n,2,292.01,2.3,N,2,171
23.16545,82.3359,312.0,0.45,0.63,2025-01-14,1926,N,VIIRS,n,2,285.77,2.24,N,2,394
19.91532,79.98194,367.0,0.44,0.62,2025-03-13,709,N,VIIRS,h,2,306.49,7.52,D,0,1
22.57062,74.13011,336.96,0.42,0.45,2025-03-19,838,N,VIIRS,n,2,309.73,2.19,D,0,1
10.61951,78.59062,343.27,0.4,0.37,2025-03-31,809,N,VIIRS,n,2,308.3,6.2,D,0,1
17.96891,83.15389,303.94,0.44,0.38,2025-01-18,1952,N,VIIRS,n,2,286.84,0.48,N,0,22
25.6869,92.12059,337.79,0.63,0.54,2025-03-17,735,N,VIIRS,n,2,299.42,6.35,D,0,2
21.37805,81.644,304.57,0.52,0.67,2025-01-25,2100,N,VIIRS,n,2,291.23,2.08,N,2,98
13.46275,75.88833,367.0,0.52,0.67,2025-01-07,727,N,VIIRS,h,2,302.57,11.76,D,0,2
21.8764,83.55692,298.94,0.53,0.67,2025-01-20,2054,N,VIIRS,n,2,286.73,1.33,N,2,51
17.52574,81.31702,339.49,0.39,0.36,2025-03-16,752,N,VIIRS,l,2,311.15,5.28,D,0,1
19.27953,84.28169,346.61,0.39,0.36,2025-03-17,734,N,VIIRS,n,2,314.47,10.09,D,0,5
20.07425,82.25126,342.98,0.39,0.36,2025-03-11,747,N,VIIRS,l,2,313.39,5.09,D,0,1
25.91507,94.43297,341.8,0.39,0.36,2025-02-21,645,N,VIIRS,n,2,302.55,3.89,D,0,2
22.34034,80.19991,347.54,0.63,0.54,2025-03-25,825,N,VIIRS,n,2,314.71,11.46,D,0,1
22.05481,85.46517,300.68,0.44,0.46,2025-01-19,1932,N,VIIRS,n,2,285.29,0.91,N,2,25
23.3153,70.48911,306.72,0.51,0.41,2025-03-15,2041,N,VIIRS,n,2,294.61,0.79,N,2,26
23.68418,85.62022,335.33,0.63,0.72,2025-03-15,632,N,VIIRS,n,2,304.22,2.75,D,0,2
22.02243,83.38122,307.16,0.48,0.4,2025-03-07,1951,N,VIIRS,n,2,291.49,1.55,N,2,51
22.04329,83.73488,339.83,0.53,0.67,2025-02-21,2054,N,VIIRS,n,2,293.79,3.98,N,2,440
25.23133,93.97141,332.81,0.39,0.36,2025-03-03,658,N,VIIRS,n,2,296.89,3.86,D,0,1
23.67726,86.0718,299.46,0.53,0.5,2025-01-14,1925,N,VIIRS,n,2,285.75,0.94,N,0,30
20.97078,85.16763,304.05,0.54,0.42,2025-02-07,2016,N,VIIRS,n,2,292.94,1.79,N,2,273
23.78082,86.38921,320.86,0.51,0.66,2025-01-15,1906,N,VIIRS,n,2,289.36,3.51,N,2,400
30.53351,78.84286,330.57,0.41,0.37,2025-01-27,756,N,VIIRS,n,2,294.54,6.88,D,0,2
24.66514,75.30977,307.81,0.38,0.36,2025-03-31,2040,N,VIIRS,n,2,291.22,1.11,N,0,1
23.68013,86.39327,307.57,0.46,0.64,2025-02-11,2041,N,VIIRS,n,2,288.32,1.76,N,2,251
16.0523,75.30545,342.13,0.43,0.62,2025-03-07,1953,N,VIIRS,n,2,289.94,3.79,N,0,1
17.83407,82.71175,343.73,0.32,0.55,2025-03-20,817,N,VIIRS,n,2,307.32,4.24,D,0,4
20.91033,71.45978,302.69,0.41,0.61,2025-01-17,2011,N,VIIRS,n,2,291.46,0.89,N,2,105
29.99363,80.57054,297.78,0.41,0.37,2025-02-23,2014,N,VIIRS,n,2,279.13,0.9,N,0,1
17.3142,77.15998,306.44,0.42,0.38,2025-02-22,2037,N,VIIRS,n,2,290.87,0.48,N,0,1
23.80484,86.32775,321.87,0.39,0.36,2025-01-18,1950,N,VIIRS,n,2,294.07,2.64,N,2,144
19.4203,75.27345,309.89,0.45,0.63,2025-02-09,2120,N,VIIRS,n,2,288.92,1.27,N,0,1
23.55373,87.24448,310.39,0.46,0.47,2025-03-03,1925,N,VIIRS,n,2,294.39,1.53,N,3,85
20.56576,80.35305,336.75,0.39,0.36,2025-03-16,753,N,VIIRS,n,2,310.42,2.19,D,0,1
21.10108,82.84325,331.9,0.54,0.51,2025-02-09,710,N,VIIRS,n,2,305.95,2.31,D,0,3
22.10839,83.5257,315.48,0.33,0.55,2025-01-10,2041,N,VIIRS,n,2,289.91,1.68,N,2,69
11.6052,76.71567,350.07,0.61,0.54,2025-02-18,739,N,VIIRS,n,2,312.24,11.2,D,0,2
23.51073,81.49717,307.0,0.34,0.56,2025-03-29,1937,N,VIIRS,n,2,294.08,0.59,N,0,1
22.65644,81.68763,300.38,0.43,0.38,2025-03-17,2003,N,VIIRS,n,2,266.59,0.9,N,0,2
22.00375,82.66637,308.15,0.55,0.68,2025-03-14,1919,N,VIIRS,n,2,295.4,2.42,N,2,119
21.59892,81.87033,335.23,0.39,0.44,2025-01-18,722,N,VIIRS,n,2,304.36,2.86,D,0,3
23.68044,86.39114,301.04,0.37,0.58,2025-02-22,2034,N,VIIRS,n,2,287.82,1.18,N,2,251
22.35542,82.29544,339.55,0.43,0.62,2025-01-04,2054,N,VIIRS,n,2,289.23,3.52,N,2,164
20.9593,85.01376,304.51,0.43,0.46,2025-02-28,2022,N,VIIRS,n,2,293.18,1.43,N,2,21
18.75566,80.21436,339.89,0.4,0.37,2025-03-11,746,N,VIIRS,l,2,311.0,1.74,D,0,1
18.15014,80.83896,314.77,0.4,0.44,2025-03-07,1952,N,VIIRS,n,2,296.39,1.6,N,0,5
23.69743,85.29145,301.87,0.49,0.48,2025-03-08,1931,N,VIIRS,n,2,290.2,0.97,N,2,72
20.78707,85.26548,307.35,0.4,0.37,2025-01-02,1951,N,VIIRS,n,2,287.81,1.09,N,2,91
22.37853,87.2815,321.43,0.41,0.37,2025-01-07,1957,N,VIIRS,n,2,292.97,2.36,N,2,279
20.88927,84.98138,306.3,0.58,0.52,2025-01-30,1926,N,VIIRS,n,2,293.07,1.58,N,2,119
21.65989,78.26629,305.36,0.39,0.36,2025-03-16,2022,N,VIIRS,n,2,277.6,0.81,N,0,1
24.01048,74.55289,311.99,0.37,0.58,2025-03-17,2003,N,VIIRS,n,2,291.52,0.68,N,0,1
20.97805,85.12974,315.03,0.54,0.68,2025-03-04,2047,N,VIIRS,n,2,291.14,4.63,N,2,201
23.76603,86.40493,303.11,0.37,0.58,2025-01-21,2034,N,VIIRS,n,2,292.12,1.28,N,2,138
12.74247,78.26213,348.36,0.46,0.47,2025-03-14,829,N,VIIRS,n,2,315.22,6.77,D,0,1
24.29581,74.65936,341.64,0.42,0.38,2025-03-05,801,N,VIIRS,n,2,312.13,2.83,D,0,2
23.77963,86.37412,334.2,0.38,0.36,2025-01-02,723,N,VIIRS,n,2,302.45,3.24,D,2,162
22.91096,69.7001,296.17,0.54,0.51,2025-02-03,2132,N,VIIRS,n,2,281.15,1.29,N,2,46
22.02135,83.37956,305.32,0.43,0.38,2025-01-06,2016,N,VIIRS,n,2,290.02,1.12,N,2,51
15.17187,76.69202,308.08,0.52,0.41,2025-03-22,2011,N,VIIRS,n,2,295.65,0.75,N,0,31
19.70343,81.97337,330.48,0.4,0.44,2025-02-22,806,N,VIIRS,l,2,305.17,2.85,D,0,1
22.13388,85.38216,311.19,0.37,0.58,2025-03-30,1919,N,VIIRS,n,2,294.77,0.79,N,2,52
14.25555,77.84028,320.27,0.42,0.37,2025-03-05,2031,N,VIIRS,n,2,297.08,2.45,N,0,4
20.57023,83.62463,335.04,0.63,0.54,2025-03-08,703,N,VIIRS,n,2,307.34,5.94,D,0,1
23.753,86.416,316.21,0.32,0.55,2025-02-10,1919,N,VIIRS,n,2,293.17,2.37,N,2,133
13.38771,75.89037,338.76,0.39,0.36,2025-02-27,810,N,VIIRS,n,2,309.96,2.66,D,0,1
17.91528,80.17137,338.09,0.55,0.43,2025-02-13,734,N,VIIRS,n,2,309.91,8.38,D,0,3
28.31477,80.42307,338.38,0.74,0.76,2025-03-24,845,N,VIIRS,n,2,293.84,8.18,D,0,1
21.37556,84.15948,337.61,0.4,0.37,2025-03-06,741,N,VIIRS,l,2,312.33,3.07,D,0,1
23.73516,86.43232,298.34,0.51,0.41,2025-02-25,1938,N,VIIRS,n,2,280.17,1.39,N,2,77
21.77056,84.01949,315.3,0.45,0.39,2025-03-27,2015,N,VIIRS,n,2,299.69,2.24,N,2,248
21.55667,81.75033,300.33,0.42,0.45,2025-02-06,2035,N,VIIRS,n,2,289.46,0.57,N,2,20
26.29856,74.1283,296.13,0.46,0.39,2025-02-10,2059,N,VIIRS,n,2,285.9,0.49,N,2,12
20.15113,82.80531,308.28,0.49,0.4,2025-03-07,1951,N,VIIRS,n,2,293.67,1.0,N,0,2
22.80349,86.08854,304.18,0.58,0.52,2025-03-05,2028,N,VIIRS,n,2,291.16,2.31,N,2,166
23.17534,93.11874,367.0,0.41,0.37,2025-03-14,651,N,VIIRS,h,2,349.88,131.25,D,0,8
21.24534,79.22475,312.92,0.4,0.37,2025-03-21,2028,N,VIIRS,n,2,295.74,0.82,N,2,45
17.99379,80.13247,337.04,0.4,0.37,2025-02-17,759,N,VIIRS,l,2,309.26,2.7,D,0,2
23.82413,91.8936,331.54,0.38,0.36,2025-03-24,703,N,VIIRS,l,2,304.73,17.34,D,0,1
24.41626,72.86418,351.28,0.39,0.36,2025-03-31,813,N,VIIRS,n,2,320.35,7.67,D,0,2
27.97343,80.92608,330.32,0.4,0.37,2025-01-06,749,N,VIIRS,n,2,294.28,1.11,D,0,1
17.81734,82.55864,304.72,0.39,0.44,2025-03-18,1945,N,VIIRS,n,2,293.9,1.0,N,0,2
17.35883,79.378,341.91,0.39,0.36,2025-02-28,753,N,VIIRS,n,2,312.69,6.2,D,0,2
20.76123,85.29834,304.01,0.56,0.69,2025-03-04,2048,N,VIIRS,n,2,290.96,1.85,N,2,83
20.79386,85.25053,316.83,0.54,0.42,2025-02-09,1939,N,VIIRS,n,2,289.76,3.97,N,2,120
20.7249,81.88536,343.35,0.41,0.45,2025-03-07,722,N,VIIRS,n,2,313.55,3.68,D,0,2
15.51509,74.54836,335.23,0.4,0.37,2025-02-11,811,N,VIIRS,n,2,306.09,3.33,D,0,1
18.93562,78.3901,331.85,0.54,0.42,2025-03-20,818,N,VIIRS,l,2,304.46,4.05,D,0,1
23.69014,87.12286,315.87,0.46,0.47,2025-01-30,1925,N,VIIRS,n,2,291.74,2.84,N,2,312
23.76474,86.39803,305.4,0.71,0.75,2025-01-04,2053,N,VIIRS,n,2,291.16,4.95,N,2,481
21.91125,73.98463,343.15,0.48,0.48,2025-03-11,748,N,VIIRS,l,2,314.17,7.92,D,0,1
20.51393,80.31509,340.97,0.43,0.38,2025-03-22,740,N,VIIRS,n,2,305.98,3.23,D,0,1
21.75926,83.84324,328.27,0.44,0.62,2025-01-25,1920,N,VIIRS,n,2,293.24,2.48,N,2,171
24.21071,85.75474,343.34,0.4,0.44,2025-03-08,704,N,VIIRS,n,2,310.66,8.06,D,0,1
22.69328,92.64989,367.0,0.42,0.38,2025-03-13,709,N,VIIRS,h,2,311.31,16.77,D,0,12
17.95949,80.78664,307.18,0.39,0.6,2025-02-04,1933,N,VIIRS,n,2,293.93,1.44,N,0,57
11.42065,78.12046,343.16,0.43,0.38,2025-03-20,816,N,VIIRS,n,2,306.95,4.83,D,0,1
20.96614,85.15408,305.72,0.4,0.37,2025-01-18,1951,N,VIIRS,n,2,290.22,0.73,N,2,70
21.61573,80.5067,309.58,0.66,0.73,2025-03-24,2112,N,VIIRS,n,2,294.68,4.07,N,0,1
22.36545,87.0201,310.98,0.39,0.36,2025-03-28,1956,N,VIIRS,n,2,296.81,1.54,N,2,94
23.76206,86.40077,317.7,0.57,0.43,2025-02-23,2015,N,VIIRS,n,2,293.1,2.42,N,2,481
15.18126,76.67708,323.76,0.43,0.38,2025-03-11,2018,N,VIIRS,n,2,298.08,2.08,N,2,116
26.64067,79.47211,300.2,0.76,0.77,2025-03-19,1924,N,VIIRS,n,2,286.32,1.59,N,2,12
23.85388,86.01247,340.01,0.39,0.36,2025-03-12,729,N,VIIRS,n,2,308.9,2.81,D,0,1
14.07363,76.44299,304.9,0.54,0.68,2025-02-25,1941,N,VIIRS,n,2,290.13,1.58,N,0,4
25.24639,93.98193,338.74,0.52,0.5,2025-03-07,723,N,VIIRS,n,2,298.23,7.24,D,0,3
25.8379,79.44847,367.0,0.32,0.54,2025-03-09,826,N,VIIRS,h,2,306.43,8.34,D,0,2
21.36507,81.64572,300.13,0.44,0.38,2025-01-11,2023,N,VIIRS,n,2,289.41,1.21,N,2,12
21.3994,82.93143,333.77,0.43,0.38,2025-02-08,729,N,VIIRS,n,2,307.12,2.03,D,0,2
20.48434,82.44284,344.21,0.53,0.5,2025-03-15,812,N,VIIRS,n,2,309.33,13.91,D,0,1
18.88498,77.27344,316.02,0.55,0.68,2025-02-25,1939,N,VIIRS,n,2,290.55,1.6,N,0,1
22.32457,81.93818,337.57,0.47,0.4,2025-03-12,728,N,VIIRS,l,2,311.53,3.04,D,0,1
19.24284,78.63106,309.69,0.41,0.37,2025-02-17,2030,N,VIIRS,n,2,293.6,1.37,N,0,3
13.41764,76.47879,343.7,0.38,0.58,2025-02-13,733,N,VIIRS,n,2,309.23,5.36,D,0,2
16.06316,79.02712,332.93,0.59,0.7,2025-03-13,849,N,VIIRS,n,2,302.75,5.71,D,0,2
23.54889,87.24599,308.62,0.47,0.48,2025-03-19,1925,N,VIIRS,n,2,292.9,1.48,N,2,55
20.24707,79.72549,343.06,0.54,0.42,2025-03-31,812,N,VIIRS,n,2,308.25,7.39,D,0,1
15.04936,77.14344,342.97,0.43,0.38,2025-03-20,817,N,VIIRS,l,2,317.25,11.84,D,0,1
21.2452,79.22469,310.24,0.41,0.37,2025-02-01,2029,N,VIIRS,n,2,293.25,1.15,N,2,45
25.27755,92.65224,353.23,0.55,0.51,2025-03-10,626,N,VIIRS,n,2,293.8,12.03,D,0,1
20.76188,85.29783,310.55,0.54,0.42,2025-03-13,1938,N,VIIRS,n,2,297.19,2.98,N,2,83
24.04159,84.44874,354.59,0.39,0.59,2025-03-31,813,N,VIIRS,n,2,315.66,4.19,D,0,2
17.65062,77.54846,313.39,0.42,0.46,2025-02-16,2049,N,VIIRS,n,2,288.11,0.8,N,0,1
18.03799,73.46568,346.52,0.48,0.4,2025-03-10,805,N,VIIRS,n,2,314.91,14.93,D,0,1
23.33468,93.09098,367.0,0.43,0.62,2025-03-06,741,N,VIIRS,h,2,319.07,89.27,D,0,11
12.37659,77.62385,343.14,0.43,0.38,2025-03-04,816,N,VIIRS,n,2,310.54,6.06,D,0,3
25.17374,87.64084,337.62,0.46,0.47,2025-03-30,651,N,VIIRS,l,2,310.53,5.65,D,0,1
23.66776,84.99592,310.99,0.4,0.44,2025-02-25,1938,N,VIIRS,n,2,288.42,1.91,N,2,74
22.70639,79.45197,301.84,0.68,0.74,2025-03-13,2118,N,VIIRS,n,2,290.96,1.36,N,0,2
19.68055,80.67742,336.59,0.49,0.4,2025-03-26,805,N,VIIRS,n,2,308.92,2.48,D,0,2
19.7234,79.17332,309.66,0.44,0.38,2025-03-22,2010,N,VIIRS,n,2,296.99,1.25,N,2,20
23.67998,86.08443,307.47,0.44,0.46,2025-03-24,1931,N,VIIRS,n,2,293.66,1.58,N,2,87
19.3129,78.64032,340.7,0.38,0.59,2025-02-15,837,N,VIIRS,n,2,310.53,3.24,D,0,1
23.66219,87.15743,318.66,0.32,0.55,2025-03-05,2028,N,VIIRS,n,2,291.61,1.39,N,0,91
23.76906,86.37236,305.22,0.33,0.55,2025-02-26,1919,N,VIIRS,n,2,292.54,1.27,N,2,104
25.59936,94.6622,331.63,0.55,0.43,2025-03-29,710,N,VIIRS,l,2,306.55,4.96,D,0,1
23.46462,91.63156,344.27,0.55,0.51,2025-03-31,632,N,VIIRS,n,2,300.65,13.21,D,0,1
23.71893,86.44392,306.83,0.51,0.49,2025-02-15,1925,N,VIIRS,n,2,293.29,5.06,N,2,229
22.79499,86.20103,310.38,0.5,0.41,2025-01-08,1938,N,VIIRS,n,2,287.67,2.38,N,3,220
30.65551,76.31728,298.93,0.39,0.36,2025-03-31,2039,N,VIIRS,n,2,288.87,0.64,N,0,1
19.79861,82.10094,338.01,0.39,0.36,2025-01-22,747,N,VIIRS,n,2,307.21,1.64,D,0,1
20.78612,85.2586,305.05,0.57,0.69,2025-01-31,2048,N,VIIRS,n,2,291.33,1.81,N,2,248
13.18938,79.79195,341.91,0.46,0.47,2025-03-01,733,N,VIIRS,n,2,300.93,5.37,D,0,1
25.72518,92.32875,330.4,0.52,0.41,2025-03-02,717,N,VIIRS,n,2,300.4,5.78,D,0,2
22.64613,77.64626,312.78,0.59,0.7,2025-03-29,1938,N,VIIRS,n,2,285.74,1.49,N,0,7
17.50147,73.85497,350.93,0.59,0.7,2025-02-08,728,N,VIIRS,n,2,301.28,8.15,D,0,5
20.97256,85.17697,311.59,0.45,0.47,2025-01-03,1932,N,VIIRS,n,2,290.21,2.09,N,2,101
25.10687,93.98904,299.82,0.41,0.37,2025-03-30,1918,N,VIIRS,n,2,289.49,0.62,N,0,1
19.866,82.29556,339.37,0.41,0.45,2025-02-22,806,N,VIIRS,n,2,303.63,2.81,D,0,2
20.97369,85.17361,309.99,0.54,0.42,2025-02-07,2016,N,VIIRS,n,2,293.96,2.19,N,2,273
10.42672,76.42758,305.37,0.38,0.36,2025-02-28,2026,N,VIIRS,n,2,289.67,1.03,N,0,10
23.77853,86.39171,317.81,0.32,0.55,2025-01-25,1919,N,VIIRS,n,2,292.43,2.25,N,2,400
23.71949,86.44007,307.3,0.53,0.5,2025-03-19,1925,N,VIIRS,n,2,293.39,2.38,N,2,229
23.48444,82.56315,303.59,0.46,0.47,2025-03-18,1944,N,VIIRS,n,2,289.53,1.07,N,0,1
23.16534,82.33843,334.43,0.46,0.39,2025-02-28,754,N,VIIRS,n,2,289.37,4.2,D,2,394
23.69106,87.12294,311.62,0.72,0.75,2025-01-21,1854,N,VIIRS,n,2,289.93,3.49,N,2,312
18.91588,80.84984,333.29,0.4,0.6,2025-03-13,709,N,VIIRS,n,2,303.26,3.01,D,0,2
22.67407,82.15926,340.42,0.4,0.37,2025-03-27,747,N,VIIRS,l,2,314.01,3.04,D,0,1
22.08465,83.84856,338.93,0.44,0.62,2025-03-04,819,N,VIIRS,n,2,303.21,5.84,D,0,3
23.75192,86.39996,307.24,0.39,0.36,2025-03-07,1950,N,VIIRS,n,2,290.06,2.09,N,2,25
21.00104,86.02587,312.62,0.39,0.36,2025-03-28,1957,N,VIIRS,n,2,297.64,1.56,N,2,31
23.47458,84.45111,338.93,0.39,0.36,2025-03-28,728,N,VIIRS,n,2,308.55,2.93,D,0,1
24.82304,73.09294,301.68,0.41,0.45,2025-02-04,2112,N,VIIRS,n,2,288.37,2.13,N,2,50
24.16912,80.69686,302.05,0.49,0.65,2025-03-03,2106,N,VIIRS,n,2,289.16,1.21,N,2,28
23.81146,93.065,355.1,0.44,0.62,2025-03-06,741,N,VIIRS,n,2,315.62,39.42,D,0,5
23.56035,87.08346,297.59,0.79,0.78,2025-01-20,2053,N,VIIRS,n,2,286.66,1.89,N,2,85
14.98721,75.93118,333.7,0.38,0.36,2025-02-27,811,N,VIIRS,l,2,304.32,0.91,D,0,1
23.9938,94.01373,343.66,0.39,0.44,2025-03-31,632,N,VIIRS,n,2,300.93,55.41,D,0,10
23.76559,86.40379,317.73,0.67,0.73,2025-03-31,1900,N,VIIRS,n,2,297.91,3.1,N,2,138
21.15244,83.25538,337.54,0.41,0.45,2025-02-14,716,N,VIIRS,l,2,309.19,2.41,D,0,1
18.47585,80.50548,336.54,0.41,0.37,2025-03-21,759,N,VIIRS,n,2,305.58,1.93,D,0,2
21.92166,83.35238,346.13,0.33,0.55,2025-01-26,813,N,VIIRS,n,2,313.14,4.91,D,2,390
22.04341,83.73952,304.63,0.55,0.43,2025-02-14,1945,N,VIIRS,n,2,292.55,3.19,N,2,243
20.25117,82.31721,332.77,0.52,0.5,2025-03-15,812,N,VIIRS,l,2,306.52,4.03,D,0,1
25.278,78.37903,356.92,0.66,0.73,2025-03-13,851,N,VIIRS,n,2,306.92,18.5,D,0,2
28.83656,77.14053,300.29,0.48,0.4,2025-03-16,2020,N,VIIRS,n,2,286.58,0.68,N,0,11
19.47275,83.83516,337.89,0.39,0.36,2025-03-06,740,N,VIIRS,n,2,310.23,2.95,D,0,1
24.4614,93.04664,333.38,0.45,0.39,2025-03-29,709,N,VIIRS,l,2,305.07,19.28,D,0,4
24.16786,80.69638,298.77,0.43,0.38,2025-01-16,2028,N,VIIRS,n,2,276.96,0.47,N,2,28
15.17737,76.65739,321.92,0.42,0.61,2025-02-15,2108,N,VIIRS,n,2,296.25,4.06,N,2,187
29.1423,79.47789,342.88,0.49,0.4,2025-02-24,731,N,VIIRS,n,2,303.56,5.43,D,0,2
22.3363,69.86922,310.15,0.4,0.37,2025-01-20,2054,N,VIIRS,n,2,296.78,1.68,N,2,22
21.74545,73.69512,319.14,0.39,0.36,2025-03-31,2041,N,VIIRS,n,2,297.47,3.49,N,0,1
21.91935,78.58009,321.01,0.39,0.6,2025-03-18,1944,N,VIIRS,n,2,290.74,2.19,N,0,1
16.98035,78.01936,336.11,0.41,0.61,2025-02-19,721,N,VIIRS,n,2,303.15,3.01,D,0,2
20.13547,84.46171,312.31,0.4,0.6,2025-03-14,1920,N,VIIRS,n,2,295.55,2.52,N,0,2
25.52509,94.23004,300.19,0.44,0.38,2025-03-29,1936,N,VIIRS,n,2,287.92,0.86,N,0,2
23.72283,86.43941,323.63,0.41,0.45,2025-02-04,1932,N,VIIRS,n,2,294.47,2.42,N,2,229
21.7954,79.07439,302.11,0.38,0.36,2025-03-16,2022,N,VIIRS,n,2,290.39,0.58,N,0,1
22.04545,83.73287,308.97,0.33,0.55,2025-03-31,2041,N,VIIRS,n,2,296.49,1.28,N,2,87
20.75337,82.12561,334.47,0.51,0.49,2025-03-15,812,N,VIIRS,l,2,305.96,3.56,D,0,1
23.16537,82.33795,332.97,0.41,0.61,2025-01-30,658,N,VIIRS,n,2,299.8,4.35,D,2,394
21.76071,82.74997,356.97,0.38,0.36,2025-01-01,741,N,VIIRS,n,2,309.94,6.66,D,0,8
23.67801,86.08495,316.14,0.38,0.36,2025-03-12,1956,N,VIIRS,n,2,297.25,1.32,N,2,87
22.0516,82.45667,340.68,0.53,0.42,2025-01-02,722,N,VIIRS,n,2,307.47,12.83,D,0,2
23.60346,87.30102,346.21,0.39,0.36,2025-02-03,723,N,VIIRS,n,2,306.11,6.19,D,0,1
24.22776,93.51485,348.55,0.47,0.4,2025-03-13,710,N,VIIRS,n,2,318.75,35.07,D,0,6
21.07644,83.80648,342.56,0.43,0.46,2025-01-16,800,N,VIIRS,n,2,300.02,3.49,D,0,1
20.64332,80.41848,331.87,0.43,0.38,2025-03-22,740,N,VIIRS,l,2,305.51,2.58,D,0,2
25.16679,94.39619,335.09,0.4,0.37,2025-03-25,644,N,VIIRS,n,2,308.87,2.18,D,0,2
29.75567,79.77365,326.81,0.39,0.36,2025-02-18,744,N,VIIRS,n,2,296.16,3.32,D,0,1
19.21177,79.95419,336.62,0.36,0.58,2025-03-18,715,N,VIIRS,l,2,308.27,2.44,D,0,1
23.68502,86.39222,347.91,0.41,0.45,2025-03-27,747,N,VIIRS,l,2,319.46,7.53,D,2,235
23.71268,83.31789,306.1,0.46,0.47,2025-03-26,2034,N,VIIRS,n,2,291.72,2.09,N,0,2
21.67909,84.03777,331.22,0.36,0.57,2025-02-11,813,N,VIIRS,n,2,301.0,3.18,D,2,262
25.7193,90.7818,345.65,0.44,0.38,2025-03-18,716,N,VIIRS,n,2,303.94,4.4,D,0,4
20.16752,84.22227,307.96,0.39,0.36,2025-03-12,1957,N,VIIRS,n,2,292.69,1.1,N,0,2
29.45897,76.86804,302.88,0.33,0.55,2025-03-29,2116,N,VIIRS,n,2,288.14,0.62,N,2,23
24.13223,93.07085,335.46,0.45,0.39,2025-03-13,710,N,VIIRS,l,2,307.81,5.83,D,0,1
19.15327,74.33242,332.88,0.41,0.6,2025-03-02,856,N,VIIRS,l,2,304.44,2.94,D,0,1
31.00356,77.92948,353.0,0.33,0.55,2025-02-09,713,N,VIIRS,n,2,291.1,5.54,D,0,3
18.72161,79.53831,315.74,0.47,0.4,2025-01-28,2005,N,VIIRS,n,2,294.25,1.13,N,2,123
19.96466,79.33326,331.03,0.47,0.4,2025-01-17,741,N,VIIRS,l,2,304.22,3.88,D,2,31
18.44532,80.31937,334.06,0.36,0.57,2025-03-18,715,N,VIIRS,n,2,303.32,4.99,D,0,1
21.27011,83.03982,347.1,0.6,0.53,2025-02-27,812,N,VIIRS,n,2,308.61,10.99,D,0,2
27.6027,72.67659,348.07,0.41,0.37,2025-02-22,808,N,VIIRS,n,2,307.08,2.77,D,0,11
17.01507,77.61006,345.57,0.39,0.59,2025-02-20,843,N,VIIRS,n,2,303.37,4.47,D,0,1
21.92151,83.34943,337.18,0.41,0.37,2025-01-23,1957,N,VIIRS,n,2,298.44,2.17,N,2,390
22.88677,75.77914,367.0,0.4,0.37,2025-03-31,813,N,VIIRS,l,2,325.67,30.18,D,0,4
19.50047,80.39898,334.47,0.44,0.38,2025-03-22,740,N,VIIRS,l,2,305.52,2.54,D,0,1
21.75807,83.8421,317.74,0.4,0.37,2025-02-08,1957,N,VIIRS,n,2,288.72,2.38,N,2,171
15.18692,76.6571,311.49,0.39,0.36,2025-02-01,2031,N,VIIRS,n,2,297.28,1.91,N,2,20
24.55983,84.46827,349.84,0.39,0.44,2025-03-29,710,N,VIIRS,n,2,314.61,5.9,D,0,2
21.07735,85.04167,306.86,0.41,0.37,2025-02-19,1951,N,VIIRS,n,2,290.55,1.15,N,2,259
17.9621,80.83631,339.48,0.42,0.37,2025-03-05,759,N,VIIRS,n,2,312.44,1.37,D,0,1
23.30263,88.02457,336.59,0.44,0.38,2025-01-07,729,N,VIIRS,n,2,302.49,4.18,D,0,1
15.00496,77.00153,313.3,0.48,0.4,2025-01-17,2012,N,VIIRS,n,2,289.87,1.15,N,2,10
21.57229,82.09933,330.04,0.43,0.62,2025-01-20,825,N,VIIRS,l,2,304.76,7.78,D,0,1
21.76186,84.02242,307.74,0.45,0.63,2025-02-16,2048,N,VIIRS,n,2,292.29,2.52,N,2,252
20.44305,80.41206,333.55,0.43,0.38,2025-03-22,740,N,VIIRS,l,2,307.25,2.25,D,0,1
15.03095,78.79931,340.04,0.53,0.5,2025-03-30,829,N,VIIRS,n,2,308.57,3.89,D,0,1
21.81896,83.99478,300.8,0.36,0.57,2025-01-26,2041,N,VIIRS,n,2,286.14,1.32,N,2,21
29.9327,80.04913,331.64,0.34,0.56,2025-03-24,705,N,VIIRS,n,2,295.53,1.71,D,0,1
18.98804,82.27291,346.89,0.39,0.36,2025-02-23,747,N,VIIRS,n,2,306.41,3.28,D,0,2
18.05358,73.7551,307.79,0.61,0.53,2025-02-04,2114,N,VIIRS,n,2,288.52,1.45,N,0,2
21.92575,83.33692,306.96,0.48,0.65,2025-01-09,1920,N,VIIRS,n,2,288.2,2.03,N,2,58
23.16776,82.33535,334.17,0.36,0.58,2025-02-20,1932,N,VIIRS,n,2,292.6,1.99,N,2,394
13.85032,76.6098,302.4,0.55,0.51,2025-02-05,2056,N,VIIRS,n,2,290.75,2.15,N,0,2
23.98793,79.39101,308.45,0.47,0.64,2025-03-29,1937,N,VIIRS,n,2,291.85,1.28,N,2,41
24.15829,82.68883,307.78,0.45,0.39,2025-02-08,1957,N,VIIRS,n,2,287.31,1.1,N,0,18
20.67953,77.69064,339.41,0.38,0.59,2025-03-23,722,N,VIIRS,l,2,313.58,3.42,D,0,1
27.24557,77.9125,331.32,0.4,0.37,2025-02-01,802,N,VIIRS,n,2,298.75,3.82,D,0,1
27.00436,95.40311,335.47,0.38,0.36,2025-01-04,645,N,VIIRS,n,2,289.76,8.67,D,0,1
22.79708,86.20494,329.67,0.51,0.41,2025-02-25,1938,N,VIIRS,n,2,286.24,2.63,N,2,67
20.96536,86.00729,303.59,0.42,0.38,2025-02-14,1945,N,VIIRS,n,2,293.37,1.27,N,2,190
25.64864,94.25798,332.62,0.38,0.36,2025-02-26,651,N,VIIRS,n,2,301.56,2.18,D,0,1
21.08859,76.2285,337.06,0.56,0.51,2025-02-13,735,N,VIIRS,l,2,307.71,5.64,D,0,3
22.79464,86.19916,315.24,0.39,0.36,2025-03-07,1950,N,VIIRS,n,2,294.02,1.34,N,3,220
18.06499,74.81497,335.51,0.52,0.41,2025-01-25,831,N,VIIRS,n,2,308.03,3.39,D,0,1
23.65703,82.03859,301.3,0.73,0.76,2025-03-24,2111,N,VIIRS,n,2,290.42,1.95,N,0,2
21.3066,81.38511,332.09,0.39,0.36,2025-01-17,741,N,VIIRS,n,2,301.96,2.45,D,0,1
25.11019,80.87061,343.2,0.39,0.36,2025-03-27,748,N,VIIRS,l,2,317.77,7.25,D,0,1
15.52819,73.99475,331.88,0.51,0.41,2025-03-19,836,N,VIIRS,l,2,305.08,3.53,D,2,19
19.69226,79.8428,331.91,0.36,0.57,2025-03-18,715,N,VIIRS,l,2,304.34,1.71,D,0,3
20.69777,78.63733,313.46,0.45,0.39,2025-01-21,2036,N,VIIRS,n,2,292.35,2.32,N,2,21
23.76279,86.39264,309.19,0.48,0.4,2025-01-01,2009,N,VIIRS,n,2,291.56,2.01,N,2,74
24.03072,92.33666,367.0,0.49,0.4,2025-03-25,644,N,VIIRS,h,2,334.13,158.09,D,0,2
15.17031,76.68248,296.3,0.42,0.45,2025-03-17,2005,N,VIIRS,n,2,276.41,0.4,N,2,16
19.17789,79.21987,343.44,0.63,0.54,2025-03-07,722,N,VIIRS,n,2,311.24,9.61,D,0,1
19.56215,82.51369,331.09,0.53,0.67,2025-03-14,831,N,VIIRS,l,2,303.13,3.92,D,0,1
14.06445,78.57374,343.18,0.42,0.45,2025-02-18,739,N,VIIRS,n,2,311.2,15.63,D,0,5
22.1745,92.67673,367.0,0.5,0.49,2025-03-15,631,N,VIIRS,l,2,335.6,162.0,D,0,4
21.82555,82.52671,339.03,0.34,0.56,2025-01-03,703,N,VIIRS,n,2,300.87,8.35,D,0,1
13.91032,78.78326,337.55,0.51,0.49,2025-03-30,829,N,VIIRS,l,2,310.56,5.62,D,0,2
17.90148,81.5605,339.58,0.45,0.39,2025-02-17,759,N,VIIRS,l,2,310.42,5.08,D,0,1
23.77413,86.21179,303.66,0.39,0.36,2025-01-18,1950,N,VIIRS,n,2,288.87,0.62,N,2,61
23.66117,87.15755,309.32,0.39,0.36,2025-03-12,1956,N,VIIRS,n,2,293.08,1.32,N,0,91
19.31887,80.83257,307.8,0.52,0.5,2025-03-18,1945,N,VIIRS,n,2,293.57,1.22,N,0,1
25.76192,77.17622,334.98,0.37,0.58,2025-01-30,839,N,VIIRS,n,2,300.66,2.4,D,0,2
20.50728,84.59457,336.84,0.41,0.37,2025-03-06,741,N,VIIRS,n,2,308.45,2.76,D,0,3
13.03662,77.30277,343.66,0.34,0.56,2025-02-13,733,N,VIIRS,n,2,305.58,3.18,D,0,2
9.74294,77.95264,343.08,0.48,0.4,2025-03-25,821,N,VIIRS,l,2,316.36,10.96,D,0,4
23.68238,86.09028,301.61,0.55,0.43,2025-01-06,2015,N,VIIRS,n,2,288.31,2.22,N,2,228
22.04325,83.73435,339.42,0.45,0.63,2025-02-10,1920,N,VIIRS,n,2,294.87,3.04,N,2,440
25.53075,92.57452,332.58,0.4,0.37,2025-02-04,704,N,VIIRS,n,2,291.99,4.28,D,0,2
20.17826,81.66402,303.84,0.38,0.36,2025-03-06,2010,N,VIIRS,n,2,291.11,1.49,N,0,2
21.66801,82.51411,345.22,0.4,0.37,2025-01-22,748,N,VIIRS,n,2,309.58,4.76,D,0,3
23.11105,93.24975,342.96,0.55,0.51,2025-03-12,728,N,VIIRS,n,2,295.84,18.51,D,0,2
23.77125,86.20396,300.68,0.36,0.57,2025-01-05,2034,N,VIIRS,n,2,288.32,1.19,N,2,133
18.237,77.52658,367.0,0.42,0.45,2025-03-06,740,N,VIIRS,h,2,324.3,13.98,D,0,1
22.69551,78.8061,333.02,0.33,0.55,2025-03-30,831,N,VIIRS,l,2,306.65,2.3,D,0,1
22.24766,87.38767,310.42,0.47,0.4,2025-01-28,2003,N,VIIRS,n,2,290.39,1.29,N,2,19
17.85415,80.0444,336.28,0.44,0.63,2025-03-19,836,N,VIIRS,n,2,303.52,4.47,D,0,3
24.27541,93.50834,335.54,0.47,0.4,2025-03-13,710,N,VIIRS,n,2,301.22,35.99,D,0,3
19.95026,80.11015,345.45,0.47,0.4,2025-03-17,2004,N,VIIRS,n,2,298.03,4.7,N,0,5
21.77051,85.72342,334.2,0.55,0.43,2025-02-07,747,N,VIIRS,l,2,308.64,2.21,D,0,1
20.79728,85.25934,318.33,0.45,0.39,2025-03-02,1945,N,VIIRS,n,2,295.63,3.92,N,2,148
15.17987,77.10204,304.41,0.5,0.66,2025-01-24,1941,N,VIIRS,n,2,290.63,1.5,N,2,71
23.13139,78.11833,340.59,0.39,0.36,2025-03-21,800,N,VIIRS,l,2,314.63,4.51,D,0,2
20.80938,78.42307,344.69,0.38,0.58,2025-03-19,837,N,VIIRS,n,2,307.21,2.72,D,0,3
21.36252,81.68365,306.1,0.38,0.59,2025-02-20,1932,N,VIIRS,n,2,292.56,1.53,N,0,26
23.77349,86.3631,316.51,0.32,0.55,2025-02-10,1919,N,VIIRS,n,2,291.63,1.42,N,2,82
22.36152,87.01868,330.23,0.4,0.37,2025-01-07,728,N,VIIRS,l,2,302.9,2.97,D,2,143
25.36847,94.12066,344.95,0.44,0.38,2025-03-24,703,N,VIIRS,n,2,303.39,7.96,D,0,2
13.39767,75.68043,299.53,0.41,0.37,2025-02-06,2038,N,VIIRS,n,2,287.6,0.43,N,0,2
23.66558,78.13383,347.67,0.62,0.54,2025-03-23,722,N,VIIRS,n,2,313.08,5.82,D,0,1
17.93159,80.39481,336.26,0.48,0.65,2025-02-15,837,N,VIIRS,n,2,305.54,3.75,D,0,2
22.23642,82.03982,335.54,0.56,0.43,2025-01-02,722,N,VIIRS,n,2,304.57,7.6,D,0,1
21.78988,78.87504,352.72,0.33,0.55,2025-03-14,831,N,VIIRS,n,2,311.93,3.47,D,0,2
19.81405,82.31801,333.85,0.43,0.38,2025-02-12,753,N,VIIRS,l,2,304.11,2.93,D,0,2
20.67271,86.14597,334.92,0.43,0.46,2025-01-19,703,N,VIIRS,n,2,299.71,2.72,D,0,1
22.8432,73.85529,346.61,0.43,0.38,2025-03-09,826,N,VIIRS,n,2,315.89,4.53,D,0,1
22.37951,87.27579,306.99,0.4,0.37,2025-03-12,1957,N,VIIRS,n,2,295.12,1.84,N,2,279
18.89607,75.17358,314.45,0.45,0.47,2025-02-02,2011,N,VIIRS,n,2,289.91,2.67,N,0,1
24.68983,73.00452,311.31,0.43,0.38,2025-03-14,2059,N,VIIRS,n,2,294.52,1.77,N,2,39
18.23733,75.43555,336.08,0.58,0.52,2025-02-20,843,N,VIIRS,n,2,306.96,2.68,D,0,1
19.04611,82.74194,330.73,0.61,0.53,2025-03-13,709,N,VIIRS,n,2,301.73,4.48,D,0,2
17.73974,80.68993,310.46,0.39,0.36,2025-03-06,2011,N,VIIRS,n,2,294.96,1.11,N,0,4
21.36571,79.69303,340.24,0.42,0.45,2025-01-23,729,N,VIIRS,n,2,302.0,4.1,D,0,1
20.65252,84.24688,344.25,0.54,0.51,2025-03-26,805,N,VIIRS,n,2,309.64,6.08,D,0,2
22.07975,84.43558,304.98,0.38,0.36,2025-03-17,2003,N,VIIRS,n,2,291.57,0.88,N,0,2
19.21602,79.84187,304.07,0.47,0.48,2025-03-07,1952,N,VIIRS,n,2,293.95,1.15,N,0,2
22.10904,82.26216,336.53,0.56,0.43,2025-03-23,722,N,VIIRS,n,2,305.33,2.93,D,0,2
24.39721,92.65248,333.9,0.43,0.38,2025-03-29,709,N,VIIRS,n,2,303.87,10.38,D,0,1
21.68008,82.86169,343.98,0.42,0.45,2025-02-14,716,N,VIIRS,n,2,310.54,5.51,D,0,2
18.06541,73.93514,350.61,0.36,0.57,2025-03-06,740,N,VIIRS,n,2,317.05,6.1,D,0,1
23.1648,82.3373,345.43,0.36,0.58,2025-02-20,1932,N,VIIRS,n,2,291.94,6.24,N,2,174
20.79603,85.2558,336.32,0.51,0.41,2025-02-23,747,N,VIIRS,n,2,299.74,8.83,D,2,148
25.59862,94.14043,329.16,0.43,0.46,2025-03-02,716,N,VIIRS,l,2,303.46,1.92,D,0,2
22.40794,83.21175,334.58,0.39,0.36,2025-03-06,741,N,VIIRS,l,2,308.78,1.93,D,0,1
18.07633,82.20768,343.55,0.38,0.36,2025-03-27,746,N,VIIRS,n,2,309.54,3.93,D,0,2
15.1786,76.67493,318.98,0.41,0.45,2025-01-12,2006,N,VIIRS,n,2,288.89,2.42,N,2,94
23.69462,87.11945,303.58,0.76,0.77,2025-03-25,2052,N,VIIRS,n,2,293.04,4.49,N,2,312
14.29286,77.64497,333.78,0.39,0.36,2025-03-31,810,N,VIIRS,l,2,306.44,3.08,D,0,2
23.77222,86.2073,300.76,0.56,0.43,2025-02-07,2016,N,VIIRS,n,2,290.25,1.85,N,2,61
23.44746,78.76505,338.73,0.45,0.47,2025-03-12,729,N,VIIRS,l,2,312.26,5.7,D,0,2
26.70898,90.97836,333.41,0.43,0.38,2025-02-10,652,N,VIIRS,n,2,297.6,3.95,D,0,2
23.94065,85.13322,339.84,0.45,0.39,2025-03-18,716,N,VIIRS,n,2,309.95,4.17,D,0,2
23.37671,83.61605,307.14,0.39,0.36,2025-03-17,2003,N,VIIRS,n,2,288.53,1.29,N,0,1
15.17999,77.10228,305.92,0.53,0.5,2025-03-25,2055,N,VIIRS,n,2,294.36,1.64,N,2,71
24.90271,80.91639,367.0,0.74,0.76,2025-03-25,645,N,VIIRS,h,2,302.96,12.88,D,0,4
21.18384,81.38698,309.88,0.39,0.36,2025-03-22,2010,N,VIIRS,n,2,295.38,5.03,N,3,71
25.59814,90.92352,334.1,0.44,0.38,2025-03-18,716,N,VIIRS,n,2,303.87,2.96,D,0,1
22.31242,82.52885,304.13,0.45,0.39,2025-02-24,1957,N,VIIRS,n,2,292.96,0.86,N,2,70
21.67615,83.50002,339.92,0.39,0.36,2025-03-01,735,N,VIIRS,n,2,309.09,2.77,D,0,1
25.32323,94.5261,297.4,0.54,0.51,2025-03-28,1955,N,VIIRS,n,2,287.14,0.23,N,0,1
26.78886,94.78989,338.0,0.61,0.53,2025-03-07,723,N,VIIRS,n,2,293.35,3.18,D,0,2
22.78318,86.20135,301.71,0.64,0.72,2025-01-10,1900,N,VIIRS,n,2,288.06,1.47,N,2,38
24.87837,94.46253,350.51,0.45,0.39,2025-03-24,703,N,VIIRS,n,2,306.67,13.41,D,0,2
22.56632,85.96033,340.21,0.39,0.36,2025-02-19,722,N,VIIRS,n,2,303.86,4.75,D,0,2
20.77481,80.77524,332.39,0.44,0.39,2025-02-01,800,N,VIIRS,l,2,305.52,3.1,D,0,1
20.94855,79.15826,352.18,0.38,0.58,2025-03-18,716,N,VIIRS,n,2,310.4,4.61,D,0,2
20.96637,85.16824,299.31,0.54,0.42,2025-01-08,1939,N,VIIRS,n,2,289.08,1.35,N,2,273
21.7694,84.01715,302.3,0.7,0.75,2025-02-26,2100,N,VIIRS,n,2,289.68,2.35,N,2,248
19.99664,83.94241,302.97,0.39,0.36,2025-03-12,1957,N,VIIRS,n,2,292.92,0.9,N,0,1
22.04,83.3546,307.17,0.42,0.45,2025-02-01,2029,N,VIIRS,n,2,292.99,1.68,N,2,199
23.61327,86.69334,343.99,0.44,0.46,2025-02-07,748,N,VIIRS,n,2,303.27,4.3,D,0,2
22.36756,87.30328,298.66,0.38,0.36,2025-01-18,1951,N,VIIRS,n,2,288.52,0.74,N,2,163
23.1686,82.3439,305.02,0.46,0.47,2025-02-14,1945,N,VIIRS,n,2,287.95,1.52,N,2,394
23.65875,91.78787,332.96,0.54,0.42,2025-03-23,722,N,VIIRS,n,2,294.41,5.13,D,0,1
24.27813,93.70728,333.25,0.41,0.37,2025-03-24,703,N,VIIRS,l,2,304.33,4.64,D,0,1
22.37994,70.51668,339.42,0.49,0.65,2025-03-22,741,N,VIIRS,l,2,313.22,3.16,D,0,1
15.17844,76.65704,338.07,0.43,0.38,2025-02-17,758,N,VIIRS,l,2,310.94,5.57,D,2,187
23.7932,86.35191,310.18,0.37,0.58,2025-01-05,2034,N,VIIRS,n,2,290.06,2.05,N,2,95
15.5283,78.70442,344.75,0.5,0.41,2025-03-27,745,N,VIIRS,n,2,304.6,4.78,D,0,3
20.68442,80.11562,336.0,0.48,0.48,2025-03-20,818,N,VIIRS,n,2,305.14,3.11,D,0,1
22.85193,84.46046,313.9,0.53,0.42,2025-03-18,1944,N,VIIRS,n,2,293.89,1.56,N,0,2
28.67649,96.13242,349.97,0.41,0.37,2025-02-27,633,N,VIIRS,n,2,293.08,10.19,D,0,1
25.50756,91.63778,295.48,0.57,0.43,2025-02-08,1956,N,VIIRS,n,2,274.48,2.56,N,0,2
20.24541,84.22685,306.59,0.39,0.36,2025-03-17,2004,N,VIIRS,n,2,287.29,1.14,N,0,1
26.7053,89.76432,327.56,0.6,0.53,2025-02-27,633,N,VIIRS,n,2,299.99,4.15,D,0,1
21.767,84.01872,314.36,0.43,0.62,2025-01-09,1920,N,VIIRS,n,2,290.18,1.08,N,2,248
24.44842,83.03775,300.27,0.53,0.42,2025-03-07,1950,N,VIIRS,n,2,288.22,0.79,N,2,40
21.7607,83.84514,326.72,0.38,0.36,2025-02-13,2004,N,VIIRS,n,2,292.42,2.27,N,2,31
20.97185,85.17464,316.41,0.54,0.42,2025-01-22,2016,N,VIIRS,n,2,294.83,2.77,N,2,273
16.59773,77.47217,340.69,0.41,0.37,2025-01-26,811,N,VIIRS,n,2,309.95,2.75,D,0,1
22.42877,76.54998,323.09,0.46,0.47,2025-03-14,2100,N,VIIRS,n,2,292.96,2.56,N,0,2
25.21911,93.98201,353.7,0.39,0.37,2025-03-03,658,N,VIIRS,n,2,303.58,5.78,D,0,5
20.47919,82.54703,313.25,0.43,0.38,2025-03-12,1957,N,VIIRS,n,2,297.44,2.79,N,0,1
23.66834,92.62788,308.0,0.44,0.39,2025-03-30,1918,N,VIIRS,n,2,293.62,2.25,N,0,4
22.0432,83.73067,349.72,0.53,0.5,2025-03-10,2035,N,VIIRS,n,2,303.7,11.92,N,2,440
17.25586,81.38506,341.22,0.43,0.38,2025-02-17,759,N,VIIRS,n,2,309.96,24.76,D,0,1
26.16571,80.74259,328.43,0.39,0.36,2025-02-07,749,N,VIIRS,n,2,296.27,2.77,D,0,1
12.64407,76.59714,346.59,0.59,0.53,2025-01-17,739,N,VIIRS,n,2,298.22,6.47,D,0,1
18.25447,79.82493,340.56,0.41,0.37,2025-02-23,747,N,VIIRS,n,2,309.59,2.07,D,0,1
24.16307,82.62682,303.45,0.42,0.61,2025-01-20,2053,N,VIIRS,n,2,287.37,1.16,N,0,53
20.48878,82.46199,341.2,0.57,0.43,2025-03-07,722,N,VIIRS,n,2,311.05,3.03,D,0,1
21.9824,80.39307,336.29,0.41,0.45,2025-03-15,812,N,VIIRS,l,2,310.45,2.98,D,0,1
20.92846,86.03684,297.24,0.39,0.36,2025-01-02,1951,N,VIIRS,n,2,287.05,0.66,N,0,4
24.59074,79.73832,349.45,0.42,0.45,2025-02-11,814,N,VIIRS,n,2,310.07,4.24,D,0,2
28.31748,79.96841,303.27,0.47,0.4,2025-03-31,2039,N,VIIRS,n,2,291.52,1.01,N,0,1
21.2516,86.10371,334.57,0.52,0.5,2025-01-30,657,N,VIIRS,n,2,300.99,5.97,D,0,1
12.12979,75.24417,308.35,0.38,0.36,2025-03-21,2031,N,VIIRS,n,2,294.18,0.61,N,0,1
24.00997,83.41876,344.04,0.44,0.38,2025-03-27,747,N,VIIRS,n,2,315.76,11.56,D,0,2
21.68233,87.1134,332.35,0.38,0.36,2025-01-02,722,N,VIIRS,n,2,300.6,3.04,D,0,1
19.82413,80.19235,338.83,0.41,0.37,2025-03-21,759,N,VIIRS,n,2,302.37,3.67,D,0,1
18.26188,80.07278,335.57,0.36,0.57,2025-03-14,830,N,VIIRS,n,2,304.9,2.59,D,0,6
21.21553,83.74538,333.84,0.41,0.37,2025-01-23,728,N,VIIRS,n,2,308.65,2.52,D,0,1
20.91356,82.38594,343.03,0.38,0.36,2025-03-06,741,N,VIIRS,l,2,314.41,2.05,D,0,1
18.73594,83.75476,333.96,0.39,0.36,2025-03-01,734,N,VIIRS,n,2,305.1,1.22,D,0,1
25.99875,84.62624,339.59,0.42,0.45,2025-01-19,705,N,VIIRS,n,2,295.05,3.37,D,0,1
13.65729,77.73272,307.51,0.35,0.57,2025-03-18,1947,N,VIIRS,n,2,290.92,1.2,N,0,2
22.59217,85.90579,306.62,0.42,0.45,2025-01-19,1932,N,VIIRS,n,2,286.82,1.13,N,2,74
25.33036,93.25296,340.06,0.58,0.52,2025-03-28,729,N,VIIRS,n,2,296.48,8.37,D,0,3
21.66467,84.06083,341.67,0.44,0.46,2025-01-08,710,N,VIIRS,n,2,301.68,4.5,D,0,1
22.80223,86.09135,317.7,0.51,0.41,2025-02-09,1938,N,VIIRS,n,2,291.19,2.51,N,2,166
21.36444,81.67607,305.14,0.62,0.54,2025-03-13,1938,N,VIIRS,n,2,294.8,2.83,N,2,26
24.12866,82.62061,307.55,0.35,0.57,2025-01-19,1932,N,VIIRS,n,2,286.47,0.74,N,0,54
23.72085,86.44992,304.67,0.5,0.41,2025-01-24,1938,N,VIIRS,n,2,293.67,1.74,N,2,35
23.67964,86.09494,343.18,0.41,0.45,2025-01-06,748,N,VIIRS,n,2,296.79,5.99,D,2,228
21.77957,83.83334,305.54,0.38,0.36,2025-02-13,2004,N,VIIRS,n,2,292.43,1.25,N,2,118
22.05577,88.12345,307.27,0.42,0.38,2025-03-13,1938,N,VIIRS,n,2,296.5,1.82,N,2,42
22.10516,83.12176,301.02,0.4,0.44,2025-01-13,1945,N,VIIRS,n,2,289.89,1.68,N,2,35
25.40215,94.51363,337.63,0.46,0.39,2025-03-08,704,N,VIIRS,n,2,299.2,3.07,D,0,1
23.10397,84.10636,336.21,0.4,0.37,2025-03-28,728,N,VIIRS,l,2,306.63,2.8,D,0,1
25.44335,92.44515,335.22,0.41,0.37,2025-03-30,651,N,VIIRS,n,2,306.97,4.09,D,0,1
21.23376,79.63069,305.28,0.49,0.4,2025-01-21,2035,N,VIIRS,n,2,291.99,1.62,N,2,66
23.26632,70.25967,307.85,0.39,0.36,2025-01-04,2054,N,VIIRS,n,2,289.62,1.51,N,2,14
23.02951,92.57738,343.08,0.42,0.38,2025-03-14,651,N,VIIRS,n,2,305.0,102.91,D,0,3
22.22045,84.75931,303.79,0.49,0.41,2025-03-02,1944,N,VIIRS,n,2,292.76,1.07,N,2,75
13.25999,79.53958,337.03,0.34,0.56,2025-03-29,1940,N,VIIRS,n,2,295.22,4.66,N,0,2
19.26257,82.70344,331.09,0.41,0.37,2025-01-28,734,N,VIIRS,l,2,303.25,1.07,D,0,2
24.11709,86.86075,298.26,0.43,0.38,2025-01-28,2003,N,VIIRS,n,2,287.89,1.19,N,2,132
23.79447,86.35115,308.45,0.57,0.52,2025-03-05,2028,N,VIIRS,n,2,294.62,2.73,N,2,95
23.03053,86.16088,295.73,0.39,0.36,2025-03-07,1950,N,VIIRS,n,2,285.71,0.53,N,0,11
21.79875,84.81595,346.73,0.39,0.36,2025-03-17,734,N,VIIRS,n,2,310.39,3.11,D,0,4
25.84339,77.20586,355.76,0.37,0.58,2025-01-14,839,N,VIIRS,n,2,293.85,5.45,D,0,2
17.58433,80.31905,309.87,0.4,0.45,2025-01-05,2036,N,VIIRS,n,2,291.32,0.99,N,2,21
23.77899,86.34721,326.2,0.57,0.43,2025-01-06,2015,N,VIIRS,n,2,289.75,2.09,N,2,199
23.70839,79.77098,339.39,0.49,0.49,2025-03-23,722,N,VIIRS,l,2,314.22,6.09,D,0,2
20.78534,85.26035,308.09,0.55,0.43,2025-02-23,2016,N,VIIRS,n,2,293.98,1.54,N,2,248
14.13116,78.22388,367.0,0.46,0.39,2025-03-20,816,N,VIIRS,l,2,325.06,44.94,D,0,2
20.99944,86.02881,305.69,0.39,0.36,2025-01-23,1958,N,VIIRS,n,2,292.44,1.3,N,0,31
20.23092,81.01872,340.69,0.41,0.37,2025-03-06,741,N,VIIRS,l,2,314.95,5.61,D,0,1
20.98462,70.64956,340.51,0.52,0.5,2025-03-21,800,N,VIIRS,n,2,315.32,4.33,D,0,1
22.40376,80.41415,345.38,0.41,0.61,2025-03-30,831,N,VIIRS,n,2,309.97,6.5,D,0,3
25.98914,92.37038,298.98,0.43,0.38,2025-03-18,1943,N,VIIRS,n,2,288.48,0.87,N,0,3
21.58138,73.73048,308.75,0.49,0.4,2025-03-21,2029,N,VIIRS,n,2,294.19,1.45,N,0,3
26.41017,94.86551,344.39,0.48,0.4,2025-02-11,633,N,VIIRS,n,2,299.0,14.34,D,0,4
33.45721,75.7599,303.84,0.4,0.37,2025-01-26,2039,N,VIIRS,n,2,276.44,0.61,N,0,4
23.51461,87.2723,300.89,0.42,0.61,2025-02-22,2034,N,VIIRS,n,2,286.94,0.83,N,2,3
21.76406,84.02063,315.66,0.45,0.47,2025-03-05,2028,N,VIIRS,n,2,295.52,2.07,N,2,252
23.7724,86.19825,307.63,0.46,0.39,2025-03-06,2009,N,VIIRS,n,2,290.93,3.3,N,2,133
20.97892,85.13186,315.89,0.38,0.36,2025-03-12,1957,N,VIIRS,n,2,296.99,2.61,N,2,201
25.50766,93.66993,311.54,0.42,0.38,2025-03-29,1936,N,VIIRS,n,2,289.12,0.75,N,0,1
23.66713,86.91992,328.52,0.56,0.43,2025-01-01,741,N,VIIRS,n,2,298.45,4.76,D,2,144
23.76871,86.3906,309.16,0.38,0.36,2025-03-12,1956,N,VIIRS,n,2,298.99,1.96,N,2,116
17.28557,74.08555,345.64,0.38,0.36,2025-01-31,818,N,VIIRS,n,2,311.08,5.77,D,0,2
24.0088,80.53086,306.54,0.39,0.36,2025-02-28,2022,N,VIIRS,n,2,292.4,0.8,N,0,19
25.63854,92.89077,339.08,0.35,0.57,2025-03-17,735,N,VIIRS,n,2,297.57,48.73,D,0,2
21.69661,75.42982,316.98,0.42,0.38,2025-03-21,2029,N,VIIRS,n,2,294.68,1.27,N,0,2
22.29915,80.18764,334.06,0.39,0.44,2025-03-12,729,N,VIIRS,l,2,307.98,4.46,D,0,3
20.97023,85.1556,298.67,0.45,0.47,2025-01-11,2023,N,VIIRS,n,2,280.63,0.97,N,2,13
23.09152,79.49239,331.19,0.48,0.4,2025-02-22,807,N,VIIRS,n,2,304.86,2.79,D,0,1
22.03893,83.73135,306.53,0.47,0.64,2025-03-30,1919,N,VIIRS,n,2,294.39,1.7,N,2,440
22.76457,79.00135,340.69,0.44,0.38,2025-03-26,806,N,VIIRS,l,2,314.66,2.86,D,0,1
23.13319,92.67975,344.26,0.43,0.38,2025-02-25,710,N,VIIRS,n,2,307.47,8.41,D,0,3
21.28421,79.14069,347.35,0.42,0.45,2025-03-20,818,N,VIIRS,n,2,310.87,10.55,D,0,56
12.70557,78.26895,342.57,0.38,0.36,2025-03-26,803,N,VIIRS,n,2,311.91,2.63,D,0,1
18.31191,80.69052,349.14,0.39,0.36,2025-02-28,753,N,VIIRS,n,2,308.39,6.74,D,0,2
22.37185,77.54047,305.13,0.42,0.45,2025-03-25,2053,N,VIIRS,n,2,294.17,1.23,N,0,6
22.48905,75.86645,310.96,0.42,0.45,2025-03-30,2100,N,VIIRS,n,2,290.81,0.86,N,0,2
20.8187,84.13767,335.64,0.45,0.63,2025-02-16,819,N,VIIRS,n,2,306.65,4.03,D,0,2
23.82271,84.93059,322.51,0.41,0.37,2025-03-22,2009,N,VIIRS,n,2,287.64,2.0,N,0,43
25.07824,94.34465,332.26,0.4,0.37,2025-03-25,644,N,VIIRS,l,2,303.71,2.68,D,0,1
22.63483,92.7608,339.89,0.62,0.54,2025-03-26,625,N,VIIRS,n,2,301.87,13.29,D,0,14
22.04275,83.72949,340.27,0.52,0.5,2025-03-26,2034,N,VIIRS,n,2,299.54,8.42,N,2,440
24.49991,73.8903,340.63,0.44,0.46,2025-03-11,748,N,VIIRS,l,2,312.88,2.88,D,0,2
16.234,78.90691,343.68,0.59,0.52,2025-02-08,727,N,VIIRS,n,2,303.93,18.44,D,0,2
15.81871,77.48123,337.93,0.38,0.59,2025-03-28,727,N,VIIRS,l,2,309.18,2.7,D,0,1
14.92648,76.85999,334.72,0.33,0.55,2025-02-04,842,N,VIIRS,n,2,303.57,1.48,D,0,2
21.47396,81.25091,331.17,0.39,0.36,2025-01-01,741,N,VIIRS,n,2,304.43,1.55,D,0,1
15.17903,76.67195,301.87,0.39,0.36,2025-01-16,2031,N,VIIRS,n,2,290.58,0.67,N,2,94
23.67721,86.39957,304.55,0.39,0.36,2025-01-02,1950,N,VIIRS,n,2,290.49,1.06,N,2,180
19.40881,79.55116,303.79,0.42,0.61,2025-02-26,2101,N,VIIRS,n,2,293.14,1.87,N,0,1
18.7557,80.34798,346.44,0.39,0.36,2025-02-23,2017,N,VIIRS,n,2,298.44,4.91,N,0,2
23.65725,93.27922,348.96,0.53,0.67,2025-03-11,607,N,VIIRS,n,2,293.68,42.31,D,0,2
23.81849,82.1256,356.13,0.44,0.46,2025-03-26,806,N,VIIRS,n,2,313.41,7.11,D,0,1
23.76892,85.9923,295.92,0.54,0.42,2025-02-07,2016,N,VIIRS,n,2,283.6,0.8,N,0,8
23.04449,93.01252,334.61,0.53,0.67,2025-03-11,747,N,VIIRS,n,2,299.71,12.58,D,0,10
19.34617,80.23215,340.91,0.44,0.46,2025-03-28,727,N,VIIRS,l,2,312.19,4.81,D,0,1
21.33439,84.56102,342.09,0.41,0.37,2025-03-06,741,N,VIIRS,l,2,313.78,7.96,D,0,2
15.17802,76.65693,320.37,0.52,0.5,2025-01-07,1959,N,VIIRS,n,2,293.79,3.9,N,2,187
21.75607,84.02515,300.41,0.41,0.37,2025-01-01,2010,N,VIIRS,n,2,289.4,1.0,N,2,55
24.166,82.62571,336.63,0.4,0.37,2025-01-28,2003,N,VIIRS,n,2,288.18,1.76,N,0,118
17.51204,78.43179,303.32,0.62,0.71,2025-01-19,2114,N,VIIRS,n,2,287.31,1.79,N,0,19
18.60257,80.83324,332.07,0.42,0.38,2025-03-21,759,N,VIIRS,l,2,303.11,2.17,D,0,1
25.80569,92.65979,367.0,0.53,0.67,2025-03-27,748,N,VIIRS,h,2,294.48,19.68,D,0,1
20.80394,85.25662,308.43,0.36,0.57,2025-02-06,2035,N,VIIRS,n,2,292.03,1.62,N,2,148
20.00011,82.58466,308.93,0.33,0.55,2025-03-08,1932,N,VIIRS,n,2,294.42,1.08,N,0,1
22.36143,82.30275,307.76,0.53,0.42,2025-03-05,2028,N,VIIRS,n,2,290.73,1.54,N,2,164
22.43018,78.49033,344.11,0.42,0.38,2025-03-27,747,N,VIIRS,n,2,313.81,6.17,D,0,10
25.22549,93.07047,303.01,0.38,0.36,2025-03-24,1930,N,VIIRS,n,2,290.46,0.87,N,0,1
22.80314,86.09093,303.77,0.57,0.69,2025-02-16,2047,N,VIIRS,n,2,290.18,2.16,N,2,166
24.2606,74.56028,352.93,0.38,0.43,2025-03-14,832,N,VIIRS,n,2,314.05,5.53,D,0,6
23.3414,92.24596,322.3,0.4,0.37,2025-03-13,1937,N,VIIRS,n,2,292.52,5.12,N,0,18
20.79544,82.48903,344.91,0.55,0.43,2025-01-02,722,N,VIIRS,n,2,303.26,8.79,D,0,2
21.73469,83.98183,305.99,0.4,0.37,2025-01-23,1957,N,VIIRS,n,2,292.29,1.17,N,2,23
23.16777,82.3333,324.31,0.72,0.76,2025-02-21,1913,N,VIIRS,n,2,289.28,2.44,N,2,64
24.12784,82.62192,306.23,0.4,0.37,2025-01-22,2016,N,VIIRS,n,2,288.78,0.67,N,0,54
21.15972,70.73952,353.36,0.39,0.36,2025-03-14,831,N,VIIRS,l,2,328.06,41.17,D,0,3
19.3001,78.62988,336.04,0.47,0.4,2025-02-27,812,N,VIIRS,l,2,309.37,7.27,D,0,2
21.04172,81.46169,341.12,0.46,0.47,2025-03-31,812,N,VIIRS,n,2,313.0,3.89,D,0,1
17.49787,77.26125,348.66,0.55,0.43,2025-03-11,746,N,VIIRS,n,2,314.51,5.0,D,0,1
23.68151,86.39139,301.42,0.41,0.45,2025-01-03,1931,N,VIIRS,n,2,287.59,0.85,N,2,251
15.63919,74.40878,331.67,0.4,0.37,2025-02-27,811,N,VIIRS,n,2,306.11,2.68,D,0,1
22.3815,84.52813,343.52,0.4,0.6,2025-02-26,651,N,VIIRS,n,2,300.1,3.55,D,0,2
13.69585,77.09921,346.79,0.52,0.42,2025-03-16,751,N,VIIRS,n,2,320.6,13.93,D,0,1
24.40842,93.62965,299.54,0.38,0.44,2025-03-20,1905,N,VIIRS,n,2,278.1,1.05,N,0,3
24.2565,92.34949,333.38,0.39,0.36,2025-03-24,703,N,VIIRS,n,2,303.72,2.58,D,0,1
25.63399,93.03118,305.31,0.4,0.37,2025-03-19,1924,N,VIIRS,n,2,290.89,1.34,N,0,1
15.44883,75.79274,344.43,0.42,0.37,2025-03-26,804,N,VIIRS,l,2,316.53,13.85,D,0,1
25.42353,93.94424,338.77,0.41,0.37,2025-03-30,1918,N,VIIRS,n,2,293.75,3.49,N,0,2
21.13497,82.36518,327.92,0.57,0.69,2025-01-09,651,N,VIIRS,n,2,298.71,3.63,D,0,1
20.91087,71.45869,307.98,0.59,0.53,2025-03-18,2125,N,VIIRS,n,2,293.6,2.21,N,2,105
20.61116,81.22316,331.36,0.53,0.42,2025-02-08,728,N,VIIRS,n,2,304.09,3.93,D,0,1
14.1849,77.33798,340.09,0.44,0.38,2025-01-31,817,N,VIIRS,l,2,312.46,3.64,D,0,2
18.77913,83.57115,329.79,0.34,0.56,2025-01-19,703,N,VIIRS,n,2,301.28,1.79,D,0,2
29.38958,79.87385,304.83,0.48,0.64,2025-02-09,1937,N,VIIRS,n,2,282.1,1.67,N,0,1
18.86033,80.21835,305.23,0.46,0.63,2025-03-30,2100,N,VIIRS,n,2,291.64,1.65,N,0,6
25.24585,94.53919,337.34,0.46,0.39,2025-02-20,704,N,VIIRS,n,2,306.52,5.03,D,0,1
17.68292,75.78156,342.01,0.46,0.63,2025-03-28,727,N,VIIRS,n,2,300.88,3.98,D,0,2
19.17261,73.54277,306.86,0.52,0.42,2025-03-30,2101,N,VIIRS,n,2,292.22,2.24,N,0,2
21.54286,81.94827,310.21,0.38,0.36,2025-03-06,2010,N,VIIRS,n,2,294.4,0.96,N,2,21
15.17629,76.66032,315.2,0.39,0.36,2025-01-27,2025,N,VIIRS,n,2,293.01,1.32,N,2,187
24.10026,92.80691,333.63,0.54,0.51,2025-02-24,729,N,VIIRS,n,2,294.89,3.86,D,0,2
19.22636,78.65232,343.71,0.41,0.37,2025-02-22,806,N,VIIRS,n,2,309.85,3.08,D,0,2
18.606,80.57186,319.99,0.43,0.38,2025-02-13,2005,N,VIIRS,n,2,294.11,1.59,N,0,2
20.85037,81.1052,346.6,0.38,0.36,2025-03-27,747,N,VIIRS,l,2,318.96,8.18,D,0,5
26.74858,91.09219,333.2,0.39,0.36,2025-03-03,658,N,VIIRS,n,2,300.52,7.93,D,0,2
23.71978,86.44034,308.82,0.39,0.36,2025-02-03,1951,N,VIIRS,n,2,293.0,1.66,N,2,229
20.57626,83.00774,337.28,0.43,0.46,2025-02-14,716,N,VIIRS,n,2,307.42,2.66,D,0,1
20.4318,79.50694,339.35,0.54,0.42,2025-01-26,812,N,VIIRS,n,2,306.36,7.74,D,0,1
22.35417,82.29187,327.88,0.45,0.39,2025-01-11,2022,N,VIIRS,n,2,288.03,3.85,N,2,101
16.8553,78.2164,340.8,0.43,0.38,2025-02-27,811,N,VIIRS,l,2,312.83,3.56,D,0,1
22.19851,83.0328,339.96,0.43,0.38,2025-03-12,728,N,VIIRS,n,2,312.36,2.31,D,0,1
22.79967,86.089,305.27,0.43,0.38,2025-02-14,1944,N,VIIRS,n,2,288.31,1.33,N,2,166
22.41977,78.62825,305.47,0.49,0.49,2025-03-25,2053,N,VIIRS,n,2,291.73,2.67,N,0,1
23.55471,87.24632,302.01,0.36,0.57,2025-02-05,1913,N,VIIRS,n,2,291.59,0.93,N,3,55
20.79095,85.25266,335.86,0.44,0.62,2025-03-31,2041,N,VIIRS,n,2,293.83,3.03,N,2,120
21.70074,79.6066,336.97,0.37,0.58,2025-03-14,831,N,VIIRS,l,2,308.07,2.76,D,0,1
22.60461,77.33512,319.5,0.4,0.6,2025-03-24,2112,N,VIIRS,n,2,286.47,1.99,N,0,7
21.72961,83.82124,306.54,0.35,0.57,2025-02-11,2041,N,VIIRS,n,2,289.26,0.78,N,0,51
22.98738,72.58727,307.35,0.47,0.4,2025-01-21,2035,N,VIIRS,n,2,290.01,0.32,N,2,15
13.10659,79.22401,303.86,0.36,0.57,2025-03-29,1940,N,VIIRS,n,2,293.8,0.87,N,0,2
16.39712,74.12109,346.52,0.46,0.63,2025-03-07,901,N,VIIRS,l,2,317.34,8.17,D,0,1
24.20914,78.94948,299.66,0.48,0.4,2025-03-31,2040,N,VIIRS,n,2,288.24,0.35,N,0,3
27.2396,92.46404,343.72,0.43,0.38,2025-02-05,646,N,VIIRS,n,2,280.73,6.6,D,0,2
17.47728,77.8899,339.02,0.5,0.41,2025-01-31,818,N,VIIRS,l,2,313.12,4.86,D,0,2
23.66154,85.69382,335.49,0.52,0.5,2025-03-19,657,N,VIIRS,l,2,309.88,4.0,D,0,2
21.107,78.80403,334.8,0.63,0.72,2025-03-29,850,N,VIIRS,n,2,303.5,3.81,D,0,1
17.61348,80.82632,337.24,0.34,0.56,2025-03-02,715,N,VIIRS,n,2,301.49,2.16,D,0,1
18.4255,81.88002,307.04,0.47,0.4,2025-03-16,2023,N,VIIRS,n,2,296.18,2.49,N,0,3
19.32385,79.8138,346.98,0.58,0.52,2025-03-07,722,N,VIIRS,n,2,310.08,5.3,D,0,2
12.66559,78.74796,334.03,0.38,0.59,2025-03-29,1941,N,VIIRS,n,2,296.7,3.42,N,0,1
21.55319,84.79982,311.19,0.39,0.36,2025-03-17,2003,N,VIIRS,n,2,291.89,1.54,N,0,1
23.16922,82.34162,310.43,0.48,0.4,2025-03-28,1956,N,VIIRS,n,2,295.62,1.67,N,2,394
23.61395,86.78703,305.82,0.38,0.59,2025-02-21,1913,N,VIIRS,n,2,290.58,1.16,N,2,84
23.77278,86.36696,304.34,0.43,0.38,2025-01-29,1944,N,VIIRS,n,2,290.38,1.68,N,0,104
21.61697,84.42544,308.62,0.39,0.36,2025-03-17,2003,N,VIIRS,n,2,293.23,1.31,N,0,1
26.87307,95.50438,367.0,0.35,0.56,2025-01-18,723,N,VIIRS,h,2,296.57,12.98,D,0,6
29.94735,76.05905,325.45,0.43,0.38,2025-02-23,750,N,VIIRS,l,2,300.26,2.11,D,0,1
26.80582,79.82582,339.21,0.4,0.37,2025-03-16,755,N,VIIRS,n,2,306.09,2.73,D,0,1
24.57932,74.80241,304.27,0.44,0.38,2025-02-21,2053,N,VIIRS,n,2,289.65,1.23,N,2,24
21.8903,81.05243,343.58,0.54,0.42,2025-03-28,728,N,VIIRS,n,2,312.56,4.57,D,0,2
19.13631,82.27795,338.31,0.42,0.38,2025-01-28,734,N,VIIRS,n,2,309.06,3.91,D,0,2
26.30975,92.98205,333.78,0.43,0.38,2025-03-25,645,N,VIIRS,n,2,303.93,3.17,D,0,1
22.85154,86.55041,304.2,0.43,0.38,2025-03-18,1944,N,VIIRS,n,2,293.27,0.75,N,0,1
21.05799,72.9198,347.94,0.56,0.69,2025-01-23,729,N,VIIRS,n,2,300.01,5.47,D,0,2
23.55136,87.17259,337.63,0.46,0.47,2025-03-11,747,N,VIIRS,l,2,308.21,3.63,D,0,1
20.98444,75.9425,334.26,0.48,0.65,2025-03-23,722,N,VIIRS,l,2,308.57,2.65,D,0,1
18.94207,80.51807,338.64,0.57,0.43,2025-03-31,811,N,VIIRS,l,2,309.86,6.92,D,0,5
28.31029,73.34901,343.06,0.39,0.36,2025-02-06,809,N,VIIRS,n,2,307.04,3.34,D,0,5
23.76889,74.60509,307.59,0.51,0.41,2025-03-30,2059,N,VIIRS,n,2,293.86,1.05,N,0,2
23.18521,78.58524,344.71,0.51,0.49,2025-03-25,825,N,VIIRS,l,2,317.11,5.63,D,0,1
18.37769,80.0631,337.23,0.41,0.37,2025-03-27,746,N,VIIRS,l,2,311.78,2.59,D,0,3
18.68404,73.0385,342.0,0.51,0.49,2025-03-16,753,N,VIIRS,n,2,305.8,7.92,D,2,119
22.22243,84.75027,297.21,0.39,0.36,2025-02-13,2004,N,VIIRS,n,2,286.54,0.8,N,2,95
19.86449,83.27601,337.31,0.59,0.7,2025-03-30,830,N,VIIRS,n,2,301.25,5.55,D,0,1
21.6615,79.00085,342.27,0.54,0.68,2025-03-08,844,N,VIIRS,n,2,304.0,7.67,D,0,3
23.15371,79.27293,339.11,0.42,0.61,2025-03-29,710,N,VIIRS,l,2,309.88,2.84,D,0,2
15.18024,76.66363,311.76,0.42,0.38,2025-03-10,2037,N,VIIRS,n,2,297.03,1.97,N,2,187
21.56743,80.57091,307.79,0.34,0.56,2025-03-25,2053,N,VIIRS,n,2,296.15,1.34,N,0,2
25.5878,92.0836,337.53,0.39,0.36,2025-03-03,658,N,VIIRS,n,2,305.24,4.16,D,0,4
22.32101,82.59586,328.03,0.43,0.46,2025-02-14,1945,N,VIIRS,n,2,289.59,2.84,N,2,61
26.75859,83.20145,306.31,0.57,0.69,2025-03-30,1918,N,VIIRS,n,2,293.38,2.72,N,2,90
29.71227,79.54639,296.15,0.44,0.38,2025-03-31,2039,N,VIIRS,n,2,284.33,0.64,N,0,2
19.31824,78.47736,303.32,0.46,0.39,2025-03-06,2011,N,VIIRS,n,2,288.28,0.78,N,0,1
15.57218,78.83175,302.79,0.4,0.6,2025-03-13,1940,N,VIIRS,n,2,282.09,0.97,N,0,2
15.41195,77.04182,339.93,0.4,0.44,2025-01-22,746,N,VIIRS,n,2,309.64,5.05,D,0,1
22.57005,86.12781,333.01,0.42,0.38,2025-01-28,735,N,VIIRS,n,2,303.1,2.1,D,0,2
23.01437,70.10438,316.68,0.44,0.46,2025-03-10,2035,N,VIIRS,n,2,297.5,1.61,N,2,36
23.7534,86.41698,310.63,0.51,0.66,2025-02-16,1906,N,VIIRS,n,2,290.47,1.67,N,2,133
19.71534,75.18037,325.99,0.37,0.58,2025-01-07,1958,N,VIIRS,n,2,286.34,3.28,N,0,1
29.68963,79.10446,344.89,0.4,0.44,2025-02-03,725,N,VIIRS,n,2,295.23,4.17,D,0,2
26.48139,90.0999,325.62,0.41,0.37,2025-01-14,658,N,VIIRS,n,2,293.8,2.76,D,0,1
27.52424,71.95315,338.52,0.39,0.36,2025-02-11,815,N,VIIRS,l,2,311.26,1.68,D,0,2
21.92095,83.35117,334.91,0.52,0.67,2025-01-04,825,N,VIIRS,n,2,304.9,5.21,D,2,390
23.77836,86.39333,312.51,0.57,0.43,2025-01-06,2015,N,VIIRS,n,2,293.65,2.57,N,2,400
22.51664,78.71122,340.78,0.42,0.37,2025-03-27,747,N,VIIRS,l,2,315.2,4.2,D,0,2
19.17816,77.48956,347.7,0.39,0.36,2025-03-10,806,N,VIIRS,n,2,308.8,4.79,D,0,1
22.36537,76.52321,315.03,0.54,0.5,2025-03-17,2003,N,VIIRS,n,2,294.5,2.59,N,0,4
22.31665,71.65842,355.52,0.46,0.47,2025-03-29,850,N,VIIRS,n,2,318.52,7.48,D,0,1
20.37505,84.84499,337.33,0.39,0.37,2025-03-12,728,N,VIIRS,n,2,308.06,2.38,D,0,1
20.4605,80.6936,348.43,0.39,0.36,2025-03-11,747,N,VIIRS,n,2,313.31,4.09,D,0,3
22.02699,82.59959,339.7,0.33,0.56,2025-01-03,703,N,VIIRS,n,2,304.43,3.76,D,0,1
21.0789,85.03319,306.35,0.46,0.39,2025-01-29,1945,N,VIIRS,n,2,294.07,1.39,N,2,48
25.88078,94.14265,339.37,0.43,0.46,2025-03-10,626,N,VIIRS,n,2,296.68,3.28,D,0,1
26.60799,79.06801,334.36,0.42,0.38,2025-03-21,801,N,VIIRS,n,2,304.7,1.37,D,0,1
23.48942,87.36955,304.17,0.43,0.62,2025-02-06,2034,N,VIIRS,n,2,289.52,0.92,N,0,29
15.23144,75.33363,341.57,0.51,0.41,2025-03-21,758,N,VIIRS,l,2,313.2,6.32,D,0,1
12.52221,77.61992,332.23,0.39,0.36,2025-03-31,810,N,VIIRS,n,2,305.24,1.74,D,0,2
23.7989,85.56439,307.57,0.4,0.6,2025-03-15,2040,N,VIIRS,n,2,294.9,1.78,N,0,56
21.76823,84.02022,310.76,0.44,0.46,2025-02-25,1938,N,VIIRS,n,2,292.73,1.08,N,2,248
23.94302,83.47512,308.58,0.52,0.5,2025-03-29,1937,N,VIIRS,n,2,290.79,1.2,N,0,2
19.40117,77.20173,334.3,0.4,0.6,2025-01-19,844,N,VIIRS,n,2,303.46,2.24,D,0,2
20.54608,81.35565,367.0,0.34,0.56,2025-01-08,709,N,VIIRS,h,2,302.85,7.41,D,0,1
15.33284,76.28607,311.22,0.47,0.48,2025-03-25,2055,N,VIIRS,n,2,293.23,1.87,N,2,33
21.93096,85.22078,307.47,0.38,0.58,2025-03-14,1919,N,VIIRS,n,2,293.27,1.21,N,2,165
27.36726,92.12348,343.4,0.52,0.42,2025-03-18,717,N,VIIRS,n,2,298.47,7.97,D,0,1
20.53017,83.32684,306.11,0.41,0.37,2025-03-12,1957,N,VIIRS,n,2,296.04,1.18,N,0,1
21.24562,79.2256,305.67,0.34,0.56,2025-02-14,1945,N,VIIRS,n,2,289.78,0.85,N,2,12
25.75207,91.16788,337.54,0.45,0.39,2025-03-18,716,N,VIIRS,n,2,303.04,5.99,D,0,1
23.65962,84.96926,337.62,0.51,0.41,2025-03-27,747,N,VIIRS,l,2,310.93,3.4,D,0,1
23.84317,92.00645,341.58,0.42,0.45,2025-03-20,638,N,VIIRS,n,2,298.33,3.98,D,0,2
22.21243,84.86158,300.86,0.49,0.65,2025-01-04,1913,N,VIIRS,n,2,289.22,1.76,N,2,158
23.19656,92.32592,354.34,0.41,0.37,2025-03-29,709,N,VIIRS,n,2,304.1,4.73,D,0,8
23.69108,87.10054,310.38,0.48,0.4,2025-03-29,1937,N,VIIRS,n,2,296.95,2.26,N,2,127
19.55972,84.27222,311.73,0.39,0.36,2025-03-17,2004,N,VIIRS,n,2,294.92,1.67,N,0,2
25.64045,91.53246,338.75,0.41,0.37,2025-03-29,710,N,VIIRS,n,2,309.82,3.45,D,0,2
22.38689,77.48965,298.12,0.52,0.5,2025-03-30,2100,N,VIIRS,n,2,286.77,0.41,N,0,1
15.17502,76.65494,320.23,0.5,0.49,2025-03-25,2055,N,VIIRS,n,2,296.33,3.95,N,2,93
21.18509,81.38488,304.97,0.64,0.54,2025-02-16,2048,N,VIIRS,n,2,293.17,2.85,N,3,2
20.34972,83.8892,336.67,0.43,0.38,2025-03-27,746,N,VIIRS,l,2,311.2,2.61,D,0,3
19.62766,80.3469,312.41,0.55,0.43,2025-03-28,1957,N,VIIRS,n,2,298.53,3.39,N,0,2
21.77047,84.01894,305.87,0.71,0.75,2025-02-10,2100,N,VIIRS,n,2,290.14,2.12,N,2,248
9.65832,77.95012,339.32,0.39,0.44,2025-03-30,828,N,VIIRS,l,2,310.8,5.57,D,0,1
17.62951,81.89692,306.18,0.42,0.37,2025-03-11,2017,N,VIIRS,n,2,292.62,0.52,N,0,1
23.68943,82.77457,336.3,0.49,0.65,2025-03-30,651,N,VIIRS,n,2,309.6,2.86,D,0,1
17.98043,80.25389,343.45,0.36,0.57,2025-03-30,830,N,VIIRS,n,2,303.92,3.69,D,0,2
20.96481,86.01227,341.97,0.4,0.6,2025-02-06,2035,N,VIIRS,n,2,292.81,3.3,N,2,152
22.19907,79.86497,346.9,0.47,0.4,2025-03-26,806,N,VIIRS,l,2,318.14,9.4,D,0,1
23.675,86.3996,303.11,0.42,0.37,2025-01-28,2003,N,VIIRS,n,2,292.22,2.13,N,2,180
12.15122,77.7863,344.21,0.43,0.62,2025-03-29,847,N,VIIRS,n,2,312.94,4.99,D,0,2
15.18042,76.66553,336.38,0.38,0.36,2025-03-31,810,N,VIIRS,l,2,307.39,4.04,D,2,94
17.96993,83.15278,306.63,0.41,0.37,2025-02-02,2011,N,VIIRS,n,2,293.8,0.88,N,0,22
21.13895,82.06504,336.85,0.39,0.36,2025-02-07,747,N,VIIRS,n,2,305.86,3.84,D,0,1
23.93191,92.48569,333.84,0.41,0.37,2025-02-26,651,N,VIIRS,n,2,301.18,42.11,D,0,2
22.34508,73.66949,301.95,0.52,0.67,2025-03-28,1957,N,VIIRS,n,2,289.43,0.71,N,0,11
24.35943,77.24579,349.13,0.4,0.37,2025-03-10,807,N,VIIRS,n,2,317.98,19.85,D,0,2
24.71428,93.68183,331.64,0.42,0.38,2025-03-08,704,N,VIIRS,n,2,297.49,84.25,D,0,2
20.86503,70.7127,333.58,0.52,0.5,2025-03-21,800,N,VIIRS,l,2,306.83,3.04,D,0,1
25.68755,90.67196,315.74,0.4,0.44,2025-03-17,2002,N,VIIRS,n,2,291.38,2.1,N,0,2
19.48496,83.66922,338.96,0.39,0.36,2025-03-17,734,N,VIIRS,n,2,312.16,8.08,D,0,1
20.96654,86.01095,309.54,0.4,0.6,2025-01-05,2035,N,VIIRS,n,2,290.57,1.95,N,2,190
20.79311,85.2526,318.0,0.57,0.52,2025-01-16,2029,N,VIIRS,n,2,288.26,2.99,N,2,120
23.72293,86.43871,308.76,0.51,0.41,2025-02-25,1938,N,VIIRS,n,2,281.98,1.98,N,2,229
8.47262,77.25905,330.67,0.42,0.37,2025-03-10,803,N,VIIRS,l,2,300.27,3.35,D,0,1
21.92576,84.15622,340.28,0.71,0.75,2025-03-14,831,N,VIIRS,n,2,300.23,6.85,D,0,1
19.47473,80.814,343.43,0.4,0.44,2025-03-31,812,N,VIIRS,n,2,306.39,5.86,D,0,2
15.17875,77.10366,313.33,0.39,0.36,2025-03-05,2031,N,VIIRS,n,2,295.86,1.6,N,2,71
23.67417,86.11201,321.05,0.38,0.36,2025-01-23,1957,N,VIIRS,n,2,288.13,1.73,N,2,28
19.99142,82.5088,352.6,0.43,0.46,2025-01-05,806,N,VIIRS,n,2,303.31,11.15,D,0,1
25.54739,94.12159,327.98,0.65,0.73,2025-02-13,555,N,VIIRS,n,2,286.78,4.29,D,0,2
23.69266,87.11668,303.1,0.38,0.36,2025-01-02,1950,N,VIIRS,n,2,286.16,0.62,N,2,312
23.76575,86.40749,302.36,0.39,0.36,2025-01-23,1957,N,VIIRS,n,2,291.32,1.33,N,0,47
22.43266,83.06371,336.85,0.42,0.38,2025-03-11,747,N,VIIRS,n,2,308.01,1.36,D,0,1
22.78264,75.87933,340.68,0.4,0.37,2025-03-31,813,N,VIIRS,n,2,307.25,3.71,D,0,1
23.79472,86.35472,304.37,0.39,0.36,2025-01-23,1957,N,VIIRS,n,2,291.51,0.88,N,2,95
17.81016,82.07381,347.72,0.45,0.39,2025-03-17,733,N,VIIRS,n,2,309.11,4.79,D,0,2
19.62154,72.95866,307.77,0.39,0.36,2025-03-31,2042,N,VIIRS,n,2,294.14,1.24,N,0,2
27.66591,80.22975,330.63,0.39,0.36,2025-01-22,749,N,VIIRS,n,2,297.41,1.94,D,0,1
23.4099,84.50645,342.67,0.48,0.4,2025-03-27,747,N,VIIRS,n,2,310.12,4.74,D,0,2
22.4125,78.64117,301.41,0.49,0.49,2025-03-25,2053,N,VIIRS,n,2,290.07,1.35,N,0,1
22.37726,87.27987,337.5,0.52,0.42,2025-02-04,704,N,VIIRS,n,2,307.83,6.05,D,2,279
23.59467,87.40755,344.03,0.41,0.45,2025-03-19,657,N,VIIRS,n,2,305.33,3.58,D,0,3
24.84962,93.45123,315.12,0.6,0.53,2025-02-22,1853,N,VIIRS,n,2,285.53,3.68,N,0,2
23.80923,86.31661,303.14,0.32,0.55,2025-01-25,1919,N,VIIRS,n,2,292.81,2.16,N,2,25
21.92845,84.13108,343.42,0.4,0.37,2025-03-12,728,N,VIIRS,n,2,308.27,3.83,D,0,2
19.15612,84.12968,342.46,0.51,0.49,2025-03-26,805,N,VIIRS,n,2,306.06,7.18,D,0,2
24.66509,83.76515,349.15,0.39,0.59,2025-02-10,652,N,VIIRS,n,2,304.05,3.36,D,0,1
17.50801,80.68644,331.8,0.56,0.43,2025-03-31,811,N,VIIRS,l,2,303.96,2.47,D,0,3
18.72054,80.42814,304.06,0.61,0.53,2025-03-04,2048,N,VIIRS,n,2,292.84,0.99,N,0,2
24.07043,80.03081,351.53,0.42,0.45,2025-03-15,813,N,VIIRS,n,2,315.42,5.21,D,0,3
30.79384,78.04933,332.24,0.39,0.36,2025-02-12,756,N,VIIRS,n,2,300.29,3.27,D,0,2
22.50316,77.13885,307.0,0.39,0.36,2025-03-21,2028,N,VIIRS,n,2,288.99,0.84,N,0,1
25.16521,91.80121,331.25,0.39,0.36,2025-01-19,704,N,VIIRS,l,2,301.62,4.22,D,0,1
23.69512,87.10504,297.13,0.63,0.72,2025-01-15,2047,N,VIIRS,n,2,284.09,3.09,N,2,33
21.83634,84.38488,356.53,0.42,0.61,2025-03-14,651,N,VIIRS,n,2,308.35,12.44,D,0,1
31.99774,77.21637,295.53,0.38,0.36,2025-01-26,2039,N,VIIRS,n,2,278.04,1.13,N,0,2
22.04352,83.73074,337.81,0.55,0.43,2025-02-14,1945,N,VIIRS,n,2,294.79,5.64,N,2,440
17.35315,75.97478,330.63,0.54,0.51,2025-01-17,740,N,VIIRS,n,2,298.3,3.33,D,0,1
19.04189,80.73804,330.46,0.42,0.38,2025-03-21,759,N,VIIRS,l,2,303.07,0.96,D,0,1
23.5345,92.48508,367.0,0.38,0.58,2025-03-05,620,N,VIIRS,h,2,297.58,21.17,D,0,6
21.75796,84.02438,312.65,0.34,0.56,2025-01-14,1926,N,VIIRS,n,2,290.62,1.42,N,2,252
21.07313,85.04101,306.37,0.45,0.39,2025-01-17,2010,N,VIIRS,n,2,288.95,1.81,N,2,92
23.16352,82.334,335.36,0.44,0.38,2025-02-24,729,N,VIIRS,n,2,308.46,4.47,D,0,64
22.66359,92.90329,342.82,0.41,0.37,2025-03-14,650,N,VIIRS,n,2,299.67,25.91,D,0,1
23.60774,68.9996,341.62,0.39,0.36,2025-03-14,832,N,VIIRS,n,2,312.23,3.78,D,0,1
21.85943,83.96545,305.53,0.55,0.43,2025-02-12,2022,N,VIIRS,n,2,291.34,1.18,N,2,50
12.00569,76.71724,342.16,0.4,0.37,2025-03-04,816,N,VIIRS,n,2,308.88,2.77,D,0,1
22.72571,77.51026,340.35,0.38,0.36,2025-03-05,800,N,VIIRS,l,2,312.34,5.66,D,0,2
27.46165,95.4748,306.1,0.42,0.37,2025-01-03,1930,N,VIIRS,n,2,284.54,0.69,N,2,9
19.27435,83.53432,338.33,0.4,0.37,2025-03-17,734,N,VIIRS,n,2,313.26,5.53,D,0,1
15.18232,76.67688,308.67,0.49,0.4,2025-03-15,2043,N,VIIRS,n,2,297.12,1.86,N,2,116
29.50194,78.70198,333.68,0.44,0.38,2025-02-17,802,N,VIIRS,n,2,299.56,4.4,D,0,1
21.77308,84.0202,307.36,0.38,0.36,2025-03-17,2003,N,VIIRS,n,2,295.95,1.11,N,2,248
23.67912,86.39824,309.31,0.5,0.41,2025-01-08,1938,N,VIIRS,n,2,289.69,1.79,N,2,180
23.16532,82.33581,339.46,0.38,0.36,2025-02-02,2010,N,VIIRS,n,2,293.14,1.89,N,2,394
15.16976,76.66686,331.54,0.49,0.41,2025-01-20,824,N,VIIRS,l,2,303.31,3.3,D,2,76
21.78967,80.01794,297.13,0.5,0.41,2025-01-21,2035,N,VIIRS,n,2,286.01,0.7,N,0,29
23.75084,86.41496,297.65,0.39,0.36,2025-02-08,1957,N,VIIRS,n,2,287.31,0.75,N,2,10
22.37819,87.27722,333.38,0.41,0.37,2025-01-23,729,N,VIIRS,l,2,304.45,5.49,D,2,279
22.34533,92.85527,315.69,0.32,0.55,2025-03-26,1853,N,VIIRS,n,2,292.7,1.98,N,0,11
23.6172,86.78908,300.55,0.76,0.77,2025-02-22,1854,N,VIIRS,n,2,285.78,1.53,N,2,72
23.61436,86.78886,312.71,0.42,0.37,2025-02-14,1944,N,VIIRS,n,2,291.21,2.06,N,2,84
23.3293,81.92105,338.19,0.47,0.4,2025-03-28,728,N,VIIRS,l,2,311.6,6.04,D,0,1
21.76315,84.02047,310.85,0.58,0.52,2025-01-21,2035,N,VIIRS,n,2,292.68,3.05,N,2,252
23.16693,82.33791,313.48,0.44,0.39,2025-01-27,2022,N,VIIRS,n,2,287.76,2.72,N,2,394
17.08868,76.40219,342.87,0.41,0.45,2025-01-25,830,N,VIIRS,n,2,315.81,3.84,D,0,1
17.90185,80.74393,307.69,0.51,0.41,2025-03-05,2030,N,VIIRS,n,2,295.84,2.66,N,0,2
25.57325,94.52516,299.89,0.4,0.37,2025-03-30,1918,N,VIIRS,n,2,288.54,0.6,N,0,1
20.96458,82.67033,338.82,0.4,0.37,2025-03-17,734,N,VIIRS,l,2,310.45,2.77,D,0,1
21.85242,83.67273,335.89,0.47,0.4,2025-03-07,722,N,VIIRS,n,2,305.81,5.29,D,0,1
22.697,79.59671,336.58,0.37,0.58,2025-03-30,831,N,VIIRS,l,2,310.69,3.56,D,0,1
21.42655,77.83406,336.48,0.56,0.51,2025-03-14,831,N,VIIRS,l,2,311.42,2.25,D,0,2
33.52008,75.36407,299.62,0.41,0.37,2025-03-31,2038,N,VIIRS,n,2,279.3,1.62,N,0,2
18.02401,82.55599,333.84,0.49,0.4,2025-03-21,758,N,VIIRS,n,2,307.19,1.07,D,0,1
21.32459,75.62437,352.69,0.39,0.36,2025-03-15,812,N,VIIRS,n,2,315.59,12.69,D,0,2
23.64801,84.52013,340.15,0.49,0.4,2025-03-18,716,N,VIIRS,n,2,309.27,4.77,D,0,1
18.19774,75.93983,332.79,0.42,0.45,2025-01-22,747,N,VIIRS,n,2,306.06,1.67,D,0,1
22.35361,76.91676,334.94,0.4,0.6,2025-03-07,1951,N,VIIRS,n,2,286.25,3.61,N,0,2
15.15037,76.71182,305.51,0.43,0.38,2025-02-06,2037,N,VIIRS,n,2,292.16,0.49,N,2,54
16.34834,74.34022,304.49,0.48,0.4,2025-03-16,2024,N,VIIRS,n,2,293.95,0.9,N,0,3
23.81596,92.2031,344.76,0.41,0.37,2025-03-29,709,N,VIIRS,n,2,309.68,16.28,D,0,4
17.80554,73.74185,332.33,0.45,0.47,2025-02-04,843,N,VIIRS,l,2,307.18,4.79,D,0,2
22.45924,77.57751,301.21,0.53,0.5,2025-03-30,2100,N,VIIRS,n,2,287.53,1.3,N,0,2
15.17215,76.37988,307.19,0.61,0.53,2025-03-30,2102,N,VIIRS,n,2,294.58,1.74,N,2,115
23.17577,82.15755,348.38,0.45,0.39,2025-03-12,729,N,VIIRS,n,2,313.41,7.41,D,0,1
23.7202,86.44132,311.67,0.4,0.6,2025-02-05,1913,N,VIIRS,n,2,291.6,2.39,N,2,229
21.94919,83.90543,333.45,0.38,0.36,2025-03-17,734,N,VIIRS,l,2,306.76,1.79,D,0,2
23.37635,82.98055,340.16,0.39,0.36,2025-03-06,741,N,VIIRS,n,2,309.93,1.74,D,0,2
19.30257,82.53779,336.96,0.54,0.68,2025-02-26,831,N,VIIRS,n,2,299.97,4.69,D,0,1
15.18497,76.64233,307.13,0.5,0.41,2025-02-27,2043,N,VIIRS,n,2,294.49,1.89,N,2,17
14.59709,78.84168,338.8,0.39,0.36,2025-03-21,758,N,VIIRS,l,2,309.89,5.06,D,0,2
25.63565,91.44925,348.99,0.44,0.38,2025-03-30,651,N,VIIRS,n,2,308.24,7.45,D,0,1
23.18301,87.69299,333.73,0.5,0.41,2025-01-12,735,N,VIIRS,n,2,302.75,4.06,D,0,1
21.02601,73.68884,340.87,0.57,0.43,2025-03-19,837,N,VIIRS,n,2,314.76,6.5,D,0,1
18.20849,73.99883,338.95,0.58,0.69,2025-03-28,727,N,VIIRS,n,2,303.8,4.18,D,0,1
24.54591,83.63974,314.92,0.51,0.5,2025-03-29,1937,N,VIIRS,n,2,294.8,4.28,N,0,2
12.72237,76.65848,348.3,0.38,0.36,2025-01-26,810,N,VIIRS,n,2,311.15,4.1,D,0,2
20.79551,85.25518,330.12,0.4,0.37,2025-01-02,1951,N,VIIRS,n,2,291.85,3.21,N,2,148
21.28069,81.99533,344.81,0.53,0.5,2025-01-26,813,N,VIIRS,n,2,306.06,4.12,D,0,1
23.76509,86.40314,305.46,0.57,0.69,2025-01-31,2047,N,VIIRS,n,2,290.78,2.35,N,2,138
16.99237,74.88671,343.79,0.41,0.6,2025-03-18,855,N,VIIRS,n,2,307.95,3.2,D,0,2
22.78404,86.20123,309.45,0.39,0.36,2025-03-07,1950,N,VIIRS,n,2,294.48,1.56,N,2,38
23.56112,87.08159,306.71,0.47,0.4,2025-03-13,1938,N,VIIRS,n,2,293.61,1.32,N,2,85
18.51161,78.20285,339.15,0.6,0.53,2025-03-12,728,N,VIIRS,l,2,312.69,5.97,D,0,2
23.78354,86.20892,312.54,0.4,0.37,2025-03-23,1950,N,VIIRS,n,2,292.76,2.41,N,2,324
22.5943,92.90433,367.0,0.43,0.38,2025-03-13,709,N,VIIRS,l,2,379.15,0.0,D,0,11
18.95434,80.86063,351.89,0.39,0.36,2025-03-11,746,N,VIIRS,n,2,314.17,7.96,D,0,2
13.06411,77.17823,338.29,0.55,0.51,2025-03-06,739,N,VIIRS,n,2,298.98,4.79,D,0,1
19.905,80.6298,335.29,0.65,0.73,2025-03-08,843,N,VIIRS,n,2,304.57,4.22,D,0,3
23.57788,83.34104,338.52,0.47,0.47,2025-03-29,710,N,VIIRS,l,2,309.17,5.19,D,0,1
23.52049,74.44262,341.4,0.45,0.47,2025-03-19,838,N,VIIRS,l,2,313.55,6.09,D,0,2
24.18834,74.28068,351.17,0.4,0.37,2025-03-26,807,N,VIIRS,n,2,318.92,8.02,D,0,1
23.48298,87.36148,304.19,0.45,0.39,2025-01-12,2003,N,VIIRS,n,2,289.75,1.2,N,2,52
12.79473,77.44882,343.17,0.42,0.61,2025-03-13,848,N,VIIRS,n,2,313.05,3.06,D,0,1
15.33454,76.28551,315.1,0.55,0.42,2025-03-22,2011,N,VIIRS,n,2,296.59,2.66,N,2,33
20.80595,85.2591,310.21,0.46,0.39,2025-01-01,2010,N,VIIRS,n,2,291.05,1.68,N,2,124
20.26943,79.43736,333.4,0.37,0.58,2025-03-18,715,N,VIIRS,l,2,306.65,2.56,D,0,1
19.83214,76.4006,339.66,0.4,0.37,2025-02-01,800,N,VIIRS,n,2,309.66,2.84,D,0,1
24.57899,75.27605,337.44,0.54,0.5,2025-03-03,839,N,VIIRS,l,2,307.71,3.55,D,0,2
22.10604,79.94976,346.48,0.41,0.45,2025-03-28,728,N,VIIRS,n,2,311.31,7.65,D,0,2
21.93,85.22293,299.75,0.43,0.46,2025-02-28,2022,N,VIIRS,n,2,282.49,0.96,N,2,165
22.59088,85.90473,311.46,0.44,0.62,2025-03-31,2040,N,VIIRS,n,2,295.81,1.65,N,2,62
22.78483,86.20636,306.19,0.47,0.48,2025-02-28,2022,N,VIIRS,n,2,293.0,1.1,N,2,14
20.66562,82.50167,354.98,0.47,0.4,2025-03-12,728,N,VIIRS,n,2,312.23,8.37,D,0,2
19.14875,77.88067,333.62,0.53,0.67,2025-03-29,849,N,VIIRS,l,2,307.42,4.33,D,0,1
21.62154,76.69669,367.0,0.48,0.65,2025-03-13,850,N,VIIRS,h,2,309.62,9.41,D,0,3
22.00591,82.67258,311.57,0.39,0.37,2025-03-01,2003,N,VIIRS,n,2,294.24,0.72,N,2,78
19.28879,78.61124,321.9,0.55,0.43,2025-02-27,2042,N,VIIRS,n,2,293.66,2.78,N,0,7
15.17973,76.65571,309.4,0.42,0.37,2025-03-26,2036,N,VIIRS,n,2,295.57,2.65,N,2,187
22.83725,84.71109,301.76,0.37,0.58,2025-03-15,2040,N,VIIRS,n,2,291.38,0.46,N,0,1
19.79823,77.94738,348.4,0.39,0.36,2025-03-26,805,N,VIIRS,n,2,317.46,8.21,D,0,1
15.17727,76.65417,310.79,0.52,0.5,2025-01-20,2056,N,VIIRS,n,2,293.13,3.7,N,2,93
17.80929,78.43157,305.25,0.37,0.58,2025-03-14,2101,N,VIIRS,n,2,293.73,0.72,N,2,20
21.93332,79.58182,304.31,0.41,0.37,2025-03-05,2029,N,VIIRS,n,2,285.38,0.71,N,0,2
21.76435,84.02567,300.68,0.36,0.58,2025-01-26,2041,N,VIIRS,n,2,288.75,1.41,N,2,55
23.69702,87.1069,300.41,0.79,0.78,2025-01-04,2053,N,VIIRS,n,2,286.76,3.0,N,2,33
13.08404,78.91234,338.1,0.4,0.44,2025-03-25,822,N,VIIRS,n,2,306.56,4.79,D,0,1
13.74859,76.88445,332.59,0.42,0.37,2025-01-15,817,N,VIIRS,l,2,303.43,2.84,D,0,2
22.39178,85.77221,299.88,0.36,0.57,2025-02-06,2035,N,VIIRS,n,2,287.15,0.3,N,0,16
23.78782,86.33113,298.93,0.51,0.41,2025-01-08,1938,N,VIIRS,n,2,287.25,1.08,N,2,27
24.83844,94.20325,342.05,0.44,0.38,2025-03-08,704,N,VIIRS,n,2,298.71,19.22,D,0,2
24.99386,94.34323,343.31,0.45,0.47,2025-03-26,626,N,VIIRS,n,2,302.84,15.53,D,0,5
22.1049,86.93453,355.89,0.38,0.36,2025-03-07,722,N,VIIRS,n,2,314.88,12.43,D,0,3
17.81006,78.43149,306.16,0.44,0.62,2025-02-09,1940,N,VIIRS,n,2,290.61,0.58,N,0,20
20.79686,85.25589,311.37,0.45,0.63,2025-01-10,2041,N,VIIRS,n,2,288.58,2.66,N,2,148
15.83827,77.48195,331.49,0.61,0.71,2025-03-18,714,N,VIIRS,l,2,306.34,2.62,D,0,1
19.35604,72.86595,336.42,0.39,0.36,2025-03-25,824,N,VIIRS,l,2,309.35,2.08,D,0,2
24.90535,77.98206,337.18,0.5,0.41,2025-02-27,814,N,VIIRS,l,2,308.14,4.26,D,0,1
13.67401,76.5795,337.11,0.38,0.36,2025-01-26,811,N,VIIRS,l,2,310.66,2.42,D,0,2
24.32739,81.3278,302.95,0.44,0.46,2025-03-07,1950,N,VIIRS,n,2,290.66,0.97,N,2,29
14.47026,77.41908,304.0,0.41,0.37,2025-02-01,2031,N,VIIRS,n,2,293.78,0.92,N,0,2
23.77876,86.20419,308.2,0.46,0.39,2025-03-06,2009,N,VIIRS,n,2,295.24,2.94,N,2,20
23.21583,92.91932,367.0,0.42,0.61,2025-03-06,741,N,VIIRS,h,2,298.85,27.95,D,0,3
9.74848,76.85328,340.99,0.44,0.46,2025-02-15,835,N,VIIRS,n,2,303.67,4.51,D,0,2
25.65593,92.78532,339.59,0.34,0.56,2025-03-17,735,N,VIIRS,n,2,298.75,3.41,D,0,2
23.78576,86.33385,305.4,0.51,0.41,2025-01-24,1938,N,VIIRS,n,2,292.05,1.63,N,2,27
22.78563,86.20312,304.35,0.5,0.41,2025-01-24,1938,N,VIIRS,n,2,292.15,1.79,N,2,220
20.30819,83.94946,335.58,0.43,0.38,2025-03-27,746,N,VIIRS,l,2,308.69,4.33,D,0,2
23.69901,86.07421,312.93,0.55,0.42,2025-02-23,2015,N,VIIRS,n,2,287.89,2.04,N,2,33
22.59211,83.65276,349.66,0.4,0.37,2025-03-06,741,N,VIIRS,n,2,316.62,7.9,D,0,1
22.36949,87.29664,309.23,0.46,0.39,2025-01-12,2003,N,VIIRS,n,2,287.06,1.88,N,2,163
21.21541,82.13835,303.33,0.54,0.42,2025-02-03,1951,N,VIIRS,n,2,293.26,2.01,N,0,29
24.11555,86.85938,307.44,0.39,0.44,2025-01-03,1931,N,VIIRS,n,2,287.17,0.99,N,0,132
13.00389,78.22105,347.46,0.4,0.37,2025-03-15,810,N,VIIRS,n,2,320.41,5.38,D,0,2
26.92768,73.46901,299.82,0.43,0.38,2025-02-10,2059,N,VIIRS,n,2,284.89,0.81,N,2,26
20.37996,74.11967,305.15,0.46,0.39,2025-03-09,2054,N,VIIRS,n,2,292.98,1.49,N,0,4
22.03189,83.36749,304.02,0.39,0.36,2025-02-13,2004,N,VIIRS,n,2,290.81,0.78,N,2,59
18.0497,73.75568,331.66,0.61,0.53,2025-02-04,2114,N,VIIRS,n,2,289.5,3.04,N,0,2
19.18531,83.20824,343.91,0.38,0.36,2025-03-06,740,N,VIIRS,n,2,311.27,13.75,D,0,1
21.60242,84.6584,332.06,0.38,0.43,2025-03-16,753,N,VIIRS,l,2,304.84,2.31,D,0,2
15.80158,78.98885,334.77,0.46,0.63,2025-03-08,842,N,VIIRS,l,2,306.14,6.33,D,0,1
19.08559,77.53848,329.84,0.49,0.4,2025-02-27,2042,N,VIIRS,n,2,289.66,3.37,N,0,1
22.60011,77.32911,298.47,0.4,0.6,2025-03-24,2112,N,VIIRS,n,2,286.29,1.25,N,0,10
21.29362,81.59416,303.25,0.41,0.45,2025-03-10,2035,N,VIIRS,n,2,292.87,0.6,N,0,9
13.45842,77.18884,301.69,0.58,0.52,2025-02-03,1954,N,VIIRS,n,2,288.69,1.3,N,0,3
21.07847,85.04041,311.93,0.55,0.43,2025-02-09,1939,N,VIIRS,n,2,292.06,1.81,N,2,259
20.97781,85.12971,307.11,0.4,0.37,2025-02-03,1951,N,VIIRS,n,2,293.9,0.89,N,2,201
20.96555,85.17182,314.28,0.56,0.52,2025-01-30,1926,N,VIIRS,n,2,293.69,2.97,N,2,273
34.35353,73.79729,337.16,0.43,0.38,2025-01-26,816,N,VIIRS,n,2,296.86,5.22,D,0,1
22.20888,84.86065,325.42,0.39,0.6,2025-02-27,2041,N,VIIRS,n,2,290.14,2.55,N,2,158
24.37778,93.64062,339.64,0.48,0.48,2025-03-07,722,N,VIIRS,n,2,304.8,10.3,D,0,7
16.59676,74.23363,308.13,0.42,0.38,2025-03-21,2030,N,VIIRS,n,2,290.93,1.04,N,0,2
18.72032,79.53643,310.57,0.43,0.46,2025-01-10,2042,N,VIIRS,n,2,291.3,1.66,N,2,123
14.98417,75.66826,335.5,0.39,0.36,2025-02-27,811,N,VIIRS,l,2,307.44,2.41,D,0,2
23.4195,84.43477,304.87,0.4,0.37,2025-03-28,1956,N,VIIRS,n,2,293.02,0.56,N,0,2
25.55676,94.19138,328.07,0.42,0.61,2025-03-17,735,N,VIIRS,n,2,290.43,2.76,D,0,1
15.66775,78.70358,334.57,0.63,0.54,2025-03-12,727,N,VIIRS,n,2,305.01,5.33,D,0,1
26.64058,79.48344,296.53,0.46,0.63,2025-02-04,2112,N,VIIRS,n,2,285.2,0.4,N,2,131
20.19642,82.90872,332.45,0.44,0.63,2025-03-03,657,N,VIIRS,n,2,302.3,4.11,D,0,2
23.41445,92.2743,344.05,0.32,0.55,2025-03-26,625,N,VIIRS,n,2,301.44,7.46,D,0,8
25.02723,83.17027,335.74,0.38,0.36,2025-03-17,735,N,VIIRS,n,2,304.8,3.17,D,0,1
23.68499,79.90781,342.03,0.41,0.37,2025-03-06,742,N,VIIRS,n,2,311.26,4.22,D,0,2
23.61278,86.79009,302.84,0.48,0.65,2025-02-16,1906,N,VIIRS,n,2,288.64,1.82,N,2,84
15.69975,74.55453,334.51,0.45,0.39,2025-02-22,805,N,VIIRS,n,2,304.89,1.84,D,0,1
23.94311,85.13984,305.62,0.5,0.41,2025-03-18,1944,N,VIIRS,n,2,292.2,1.32,N,0,2
17.50952,78.43379,308.87,0.39,0.59,2025-02-10,2102,N,VIIRS,n,2,290.41,0.33,N,0,19
22.32515,82.65806,302.88,0.41,0.37,2025-01-06,2016,N,VIIRS,n,2,290.21,0.53,N,2,1
14.08812,78.72364,348.0,0.51,0.5,2025-03-14,829,N,VIIRS,n,2,318.02,8.47,D,0,1
22.92631,69.82288,303.01,0.44,0.46,2025-02-06,2035,N,VIIRS,n,2,288.17,0.96,N,2,35
21.53495,76.53584,335.76,0.47,0.4,2025-03-04,819,N,VIIRS,l,2,310.64,3.47,D,0,2
17.48099,76.61163,342.47,0.39,0.44,2025-01-22,747,N,VIIRS,l,2,314.76,4.45,D,0,1
20.30502,82.43246,339.63,0.39,0.36,2025-03-06,741,N,VIIRS,l,2,313.97,4.23,D,0,5
28.99032,79.35456,335.87,0.39,0.36,2025-02-07,750,N,VIIRS,n,2,298.48,6.11,D,0,1
23.43003,68.71298,302.3,0.43,0.38,2025-01-20,2054,N,VIIRS,n,2,289.81,0.95,N,2,50
24.36505,92.59119,367.0,0.47,0.47,2025-03-31,632,N,VIIRS,h,2,300.28,18.12,D,0,2
20.99862,86.01311,314.14,0.4,0.44,2025-01-19,1932,N,VIIRS,n,2,289.54,1.53,N,2,62
29.66055,78.26376,328.88,0.43,0.38,2025-02-01,802,N,VIIRS,n,2,297.07,1.69,D,0,2
22.57555,85.89132,302.22,0.36,0.58,2025-01-05,2034,N,VIIRS,n,2,288.73,1.74,N,0,17
23.63149,86.2941,297.74,0.41,0.61,2025-01-04,1913,N,VIIRS,n,2,287.7,0.92,N,2,42
24.69188,73.00124,303.4,0.49,0.41,2025-03-19,2106,N,VIIRS,n,2,292.69,0.8,N,2,39
19.22715,78.70428,337.57,0.54,0.51,2025-03-12,728,N,VIIRS,l,2,310.38,3.4,D,0,2
20.35392,82.5393,335.63,0.47,0.4,2025-03-12,728,N,VIIRS,l,2,310.19,4.9,D,0,1
10.8979,78.12007,331.94,0.44,0.46,2025-02-10,829,N,VIIRS,l,2,302.14,4.8,D,0,1
23.66373,87.1576,330.57,0.38,0.43,2025-01-17,742,N,VIIRS,n,2,302.41,2.68,D,0,91
23.73634,86.43484,308.77,0.51,0.41,2025-03-13,1938,N,VIIRS,n,2,297.15,2.93,N,2,77
22.0514,83.3221,338.33,0.49,0.4,2025-03-16,753,N,VIIRS,n,2,304.82,3.23,D,0,1
18.00923,80.41183,307.84,0.39,0.36,2025-03-06,2011,N,VIIRS,n,2,292.46,0.56,N,0,2
23.56971,82.09197,342.59,0.34,0.56,2025-03-20,819,N,VIIRS,n,2,301.42,8.61,D,0,1
25.08554,93.88809,340.47,0.58,0.52,2025-03-05,620,N,VIIRS,n,2,294.79,10.87,D,0,5
23.08286,92.7175,343.75,0.43,0.38,2025-03-13,709,N,VIIRS,n,2,300.92,6.03,D,0,1
21.191,83.16664,336.34,0.39,0.36,2025-03-06,741,N,VIIRS,l,2,308.87,3.52,D,0,3
23.72414,86.44032,327.31,0.41,0.45,2025-02-20,1932,N,VIIRS,n,2,294.56,4.08,N,2,229
26.83721,95.34166,328.56,0.34,0.56,2025-01-18,723,N,VIIRS,n,2,292.14,2.74,D,0,2
18.96768,84.4912,338.25,0.38,0.43,2025-03-18,715,N,VIIRS,n,2,303.82,2.94,D,0,1
22.21058,84.87758,306.12,0.39,0.36,2025-01-07,1957,N,VIIRS,n,2,288.97,1.3,N,2,36
19.86652,81.46999,342.19,0.36,0.58,2025-03-09,824,N,VIIRS,n,2,305.39,1.9,D,0,1
21.21269,82.94716,318.1,0.4,0.44,2025-03-02,1945,N,VIIRS,n,2,293.23,1.67,N,0,1
18.14817,73.548,343.72,0.41,0.37,2025-01-10,812,N,VIIRS,n,2,306.55,8.31,D,0,1
22.13208,86.6836,343.09,0.39,0.36,2025-03-12,728,N,VIIRS,l,2,314.93,7.97,D,0,1
21.16105,82.08648,346.37,0.39,0.36,2025-01-22,747,N,VIIRS,n,2,312.93,11.94,D,0,2
15.64006,78.92212,339.57,0.44,0.46,2025-03-09,823,N,VIIRS,n,2,309.17,3.33,D,0,1
20.43744,84.53111,304.18,0.49,0.49,2025-03-08,1932,N,VIIRS,n,2,289.92,0.68,N,0,2
18.25507,77.57777,340.27,0.39,0.44,2025-03-09,824,N,VIIRS,l,2,314.97,7.48,D,0,1
22.35593,80.10098,297.98,0.5,0.49,2025-03-07,1951,N,VIIRS,n,2,287.44,0.8,N,0,1
15.05546,77.16935,304.81,0.41,0.37,2025-03-11,2018,N,VIIRS,n,2,294.76,1.59,N,0,1
24.16354,82.56244,310.46,0.32,0.55,2025-03-04,2047,N,VIIRS,n,2,290.4,1.48,N,0,42
17.78679,80.44463,342.88,0.37,0.58,2025-03-14,830,N,VIIRS,n,2,309.22,4.83,D,0,4
22.61225,77.42578,315.56,0.76,0.77,2025-03-24,1931,N,VIIRS,n,2,287.22,4.61,N,0,2
15.65919,73.98896,314.7,0.39,0.44,2025-02-23,2018,N,VIIRS,n,2,294.1,1.37,N,2,87
26.59678,93.19131,332.32,0.57,0.43,2025-02-11,633,N,VIIRS,n,2,290.58,2.53,D,0,1
20.39854,84.47367,338.35,0.38,0.36,2025-03-17,734,N,VIIRS,n,2,307.13,4.05,D,0,1
23.54983,87.24603,308.01,0.41,0.45,2025-03-27,2015,N,VIIRS,n,2,296.56,1.86,N,2,55
21.38413,73.9454,331.45,0.66,0.73,2025-02-08,910,N,VIIRS,l,2,302.35,10.44,D,0,1
25.87324,82.04546,339.0,0.39,0.36,2025-01-17,742,N,VIIRS,n,2,298.95,4.0,D,0,2
21.70744,75.35039,338.1,0.42,0.38,2025-03-20,819,N,VIIRS,l,2,312.65,5.75,D,0,2
21.77422,83.82918,299.12,0.55,0.51,2025-01-19,1932,N,VIIRS,n,2,288.64,2.61,N,2,54
25.5737,90.31777,330.97,0.49,0.4,2025-03-14,651,N,VIIRS,n,2,298.0,10.63,D,0,2
24.74498,83.72618,307.71,0.51,0.49,2025-03-29,1937,N,VIIRS,n,2,292.84,1.12,N,0,2
20.88525,84.97927,314.59,0.58,0.7,2025-01-31,1907,N,VIIRS,n,2,292.57,3.35,N,2,119
23.55822,87.23875,332.08,0.39,0.36,2025-01-02,722,N,VIIRS,n,2,300.44,2.75,D,2,247
21.9789,84.16206,339.12,0.35,0.56,2025-03-19,657,N,VIIRS,n,2,305.09,1.98,D,0,2
22.34728,79.71597,335.1,0.39,0.36,2025-02-28,754,N,VIIRS,l,2,308.84,3.82,D,0,1
22.18596,83.62418,313.14,0.42,0.45,2025-03-05,2028,N,VIIRS,n,2,288.83,1.15,N,0,2
21.76723,84.01733,318.95,0.45,0.63,2025-03-30,1919,N,VIIRS,n,2,299.95,4.4,N,2,248
18.19653,77.36127,335.93,0.48,0.65,2025-03-13,849,N,VIIRS,l,2,309.74,3.4,D,0,2
21.9118,82.46998,336.94,0.53,0.42,2025-01-02,722,N,VIIRS,n,2,301.39,4.41,D,0,2
19.6048,83.7795,341.55,0.42,0.38,2025-03-11,746,N,VIIRS,n,2,313.06,4.55,D,0,2
15.33302,76.28393,312.53,0.4,0.37,2025-02-28,2024,N,VIIRS,n,2,292.17,1.03,N,2,18
22.03983,83.3524,309.14,0.39,0.36,2025-03-22,2009,N,VIIRS,n,2,291.88,0.73,N,2,199
18.1834,79.95712,340.02,0.45,0.47,2025-02-16,818,N,VIIRS,n,2,309.63,8.05,D,0,4
21.18089,81.38439,303.59,0.49,0.4,2025-01-07,1958,N,VIIRS,n,2,290.45,1.43,N,3,46
12.32571,77.69398,338.29,0.34,0.56,2025-03-08,841,N,VIIRS,n,2,307.97,1.82,D,0,1
15.17904,76.78796,298.69,0.32,0.55,2025-01-02,1953,N,VIIRS,n,2,284.45,0.47,N,0,13
26.15397,93.5911,332.04,0.47,0.4,2025-03-20,639,N,VIIRS,n,2,288.65,22.39,D,0,1
23.61018,87.14575,303.18,0.59,0.7,2025-03-15,1900,N,VIIRS,n,2,292.95,1.51,N,2,57
22.3569,82.30656,321.17,0.4,0.37,2025-03-01,2003,N,VIIRS,n,2,294.62,1.44,N,2,56
23.77203,86.38655,303.32,0.41,0.45,2025-01-03,1931,N,VIIRS,n,2,289.72,1.48,N,2,116
22.10455,83.52445,316.86,0.42,0.37,2025-03-28,1957,N,VIIRS,n,2,298.42,2.07,N,2,21
26.58135,93.14026,334.9,0.48,0.4,2025-02-16,639,N,VIIRS,n,2,293.75,2.57,D,0,2
29.89035,78.12031,326.85,0.49,0.4,2025-01-05,809,N,VIIRS,n,2,293.39,2.47,D,0,1
22.04175,83.73528,337.68,0.45,0.63,2025-01-25,651,N,VIIRS,n,2,302.42,6.34,D,2,243
24.05768,92.07575,341.2,0.51,0.41,2025-03-25,644,N,VIIRS,n,2,311.01,31.41,D,0,4
21.77813,83.83262,313.13,0.4,0.37,2025-01-01,2010,N,VIIRS,n,2,290.74,1.13,N,2,118
21.18821,81.39225,309.41,0.39,0.44,2025-01-02,1951,N,VIIRS,n,2,289.81,1.65,N,2,109
16.47964,76.47151,344.43,0.33,0.55,2025-01-28,734,N,VIIRS,n,2,300.77,3.93,D,0,1
19.13978,79.38204,315.24,0.5,0.49,2025-03-07,1952,N,VIIRS,n,2,296.21,3.54,N,0,6
22.01247,87.04041,332.53,0.45,0.47,2025-03-03,657,N,VIIRS,l,2,303.05,2.9,D,0,2
22.35917,82.30524,320.47,0.43,0.62,2025-01-04,2054,N,VIIRS,n,2,290.4,1.79,N,2,56
11.08937,76.88986,337.69,0.38,0.36,2025-02-27,810,N,VIIRS,l,2,310.42,2.06,D,0,1
18.58399,82.83456,348.1,0.42,0.45,2025-03-26,805,N,VIIRS,n,2,306.28,7.28,D,0,1
21.07857,85.04251,303.38,0.53,0.42,2025-02-07,2016,N,VIIRS,n,2,291.69,1.3,N,2,259
17.93309,81.39333,339.97,0.4,0.44,2025-03-28,727,N,VIIRS,n,2,308.39,3.65,D,0,2
20.5304,74.60001,340.54,0.41,0.37,2025-02-22,806,N,VIIRS,l,2,313.39,4.72,D,0,1
24.20607,82.52601,301.3,0.46,0.47,2025-03-02,1944,N,VIIRS,n,2,290.68,0.89,N,2,10
19.19949,80.05651,308.77,0.59,0.7,2025-03-03,1927,N,VIIRS,n,2,294.53,1.75,N,0,1
23.92612,85.34352,300.92,0.42,0.37,2025-02-19,1950,N,VIIRS,n,2,286.92,0.71,N,2,33
23.7651,86.39306,307.13,0.46,0.63,2025-02-27,2040,N,VIIRS,n,2,289.53,3.63,N,2,116
21.24669,84.50561,351.15,0.37,0.58,2025-03-15,812,N,VIIRS,n,2,309.99,5.45,D,0,1
22.36169,87.0192,319.44,0.4,0.37,2025-01-29,1945,N,VIIRS,n,2,293.26,1.53,N,2,143
24.48133,84.41161,343.55,0.39,0.36,2025-03-28,729,N,VIIRS,n,2,313.01,3.01,D,0,2
17.59184,77.64064,343.3,0.4,0.44,2025-02-05,824,N,VIIRS,n,2,309.93,3.88,D,0,2
22.46116,83.04777,336.77,0.43,0.38,2025-03-12,728,N,VIIRS,l,2,308.88,2.52,D,0,1
23.49411,82.46785,303.18,0.52,0.5,2025-03-31,2040,N,VIIRS,n,2,290.3,1.32,N,0,1
19.76415,77.27956,347.14,0.39,0.44,2025-03-25,824,N,VIIRS,l,2,320.92,15.49,D,0,1
14.0179,78.05302,345.63,0.46,0.39,2025-03-20,816,N,VIIRS,l,2,319.22,13.34,D,0,2
16.55696,77.81507,334.63,0.69,0.74,2025-02-25,709,N,VIIRS,n,2,303.77,3.04,D,0,1
14.16249,76.42714,336.89,0.47,0.4,2025-02-05,823,N,VIIRS,l,2,310.79,2.66,D,0,3
22.13848,84.58684,339.15,0.41,0.45,2025-03-13,709,N,VIIRS,l,2,312.68,4.16,D,0,1
21.76106,84.01986,302.46,0.44,0.62,2025-03-20,2047,N,VIIRS,n,2,289.57,2.2,N,2,252
28.09803,77.75761,331.47,0.34,0.56,2025-02-10,833,N,VIIRS,n,2,286.7,1.52,D,0,1
17.91093,80.43752,312.44,0.39,0.36,2025-03-06,2011,N,VIIRS,n,2,293.99,1.69,N,0,2
24.66021,80.26751,334.13,0.55,0.51,2025-03-04,820,N,VIIRS,n,2,305.06,2.9,D,0,2
25.73844,92.40585,341.91,0.45,0.39,2025-02-09,711,N,VIIRS,n,2,306.12,12.9,D,0,3
23.60479,93.05365,343.67,0.45,0.39,2025-03-13,710,N,VIIRS,n,2,305.9,7.93,D,0,7
25.4457,91.20533,311.52,0.43,0.62,2025-03-10,1853,N,VIIRS,n,2,285.09,1.34,N,0,2
19.8972,80.02193,340.11,0.38,0.36,2025-03-16,753,N,VIIRS,l,2,312.51,2.22,D,0,1
23.69282,87.11031,302.42,0.46,0.64,2025-02-16,1906,N,VIIRS,n,2,288.13,1.29,N,2,117
22.88031,77.18668,343.91,0.44,0.38,2025-03-15,813,N,VIIRS,n,2,313.83,5.84,D,0,1
13.44667,80.09751,300.31,0.4,0.37,2025-01-22,2019,N,VIIRS,n,2,278.51,0.36,N,0,9
23.73352,86.43923,311.89,0.39,0.36,2025-02-24,1957,N,VIIRS,n,2,296.44,1.24,N,2,143
33.79262,75.35705,296.0,0.41,0.37,2025-03-30,2057,N,VIIRS,n,2,279.07,0.51,N,0,2
23.70387,82.20338,344.18,0.4,0.37,2025-03-27,747,N,VIIRS,l,2,317.78,11.87,D,0,3
22.22775,84.41432,298.97,0.48,0.4,2025-01-06,2016,N,VIIRS,n,2,287.83,0.82,N,0,14
21.76013,84.02538,301.82,0.43,0.62,2025-02-10,1920,N,VIIRS,n,2,290.15,1.47,N,2,55
21.58433,73.59053,331.76,0.62,0.71,2025-02-24,909,N,VIIRS,l,2,305.11,3.49,D,0,2
22.20263,84.57858,299.74,0.32,0.55,2025-02-15,1926,N,VIIRS,n,2,288.39,0.63,N,2,14
22.48961,74.16771,338.65,0.42,0.61,2025-03-18,857,N,VIIRS,n,2,311.5,3.1,D,0,2
17.87285,80.42234,352.56,0.45,0.39,2025-03-06,740,N,VIIRS,n,2,317.8,9.55,D,0,2
23.85402,92.25816,367.0,0.39,0.6,2025-02-18,741,N,VIIRS,h,2,297.66,7.99,D,0,2
23.73525,82.23683,338.39,0.54,0.51,2025-03-29,710,N,VIIRS,l,2,310.05,9.97,D,0,6
22.06266,75.36349,353.84,0.41,0.61,2025-01-08,851,N,VIIRS,n,2,302.24,5.47,D,0,1
19.83687,78.86068,299.34,0.47,0.48,2025-02-16,2048,N,VIIRS,n,2,288.85,0.51,N,0,1
25.13885,73.67094,319.5,0.44,0.39,2025-03-30,2059,N,VIIRS,n,2,291.9,3.04,N,0,2
25.5296,90.43826,367.0,0.42,0.38,2025-03-19,657,N,VIIRS,l,2,332.1,258.78,D,0,6
22.04524,83.73396,323.06,0.55,0.51,2025-01-21,2035,N,VIIRS,n,2,293.42,4.82,N,2,87
23.76742,86.38997,304.38,0.41,0.45,2025-01-03,1931,N,VIIRS,n,2,292.35,1.48,N,2,116
16.21599,75.80215,337.07,0.47,0.64,2025-02-24,727,N,VIIRS,n,2,310.95,1.71,D,0,1
24.16569,82.63263,298.18,0.56,0.52,2025-01-08,1938,N,VIIRS,n,2,283.28,0.76,N,0,118
20.9647,84.00983,340.71,0.4,0.37,2025-02-18,741,N,VIIRS,n,2,306.18,4.42,D,0,2
19.01597,81.95583,338.17,0.53,0.42,2025-03-12,728,N,VIIRS,l,2,311.83,1.41,D,0,1
21.67911,76.88716,345.43,0.39,0.36,2025-03-26,806,N,VIIRS,l,2,320.29,8.63,D,0,2
21.31366,84.15849,303.74,0.44,0.46,2025-03-29,1938,N,VIIRS,n,2,293.23,0.49,N,0,1
23.67468,86.39571,307.28,0.52,0.42,2025-03-29,1937,N,VIIRS,n,2,295.79,1.66,N,2,31
25.4349,94.60397,343.03,0.4,0.37,2025-03-25,644,N,VIIRS,n,2,305.59,3.23,D,0,2
25.86719,92.60998,307.16,0.41,0.37,2025-03-03,1924,N,VIIRS,n,2,286.45,1.1,N,0,1
15.93167,78.90403,336.0,0.57,0.43,2025-03-06,740,N,VIIRS,l,2,309.98,5.84,D,0,3
22.16893,83.31134,336.82,0.41,0.45,2025-01-16,800,N,VIIRS,n,2,299.44,2.13,D,0,1
20.86464,84.9957,329.67,0.42,0.38,2025-01-02,722,N,VIIRS,l,2,303.3,4.67,D,2,14
19.6015,78.48336,348.44,0.46,0.39,2025-03-15,812,N,VIIRS,n,2,312.74,14.16,D,0,1
18.71639,82.01279,316.98,0.52,0.42,2025-03-07,1952,N,VIIRS,n,2,292.73,2.33,N,0,1
19.05071,77.35509,334.27,0.64,0.54,2025-01-30,837,N,VIIRS,n,2,302.86,2.14,D,0,1
20.3443,82.44444,347.55,0.39,0.36,2025-03-06,741,N,VIIRS,n,2,309.56,6.86,D,0,1
20.66129,82.99615,346.98,0.38,0.36,2025-03-06,741,N,VIIRS,n,2,317.17,4.37,D,0,2
20.99747,86.01416,303.8,0.39,0.36,2025-01-18,1951,N,VIIRS,n,2,287.94,0.96,N,2,62
25.24711,93.2201,339.32,0.38,0.36,2025-03-19,657,N,VIIRS,n,2,305.85,18.0,D,0,3
22.07633,83.10584,332.61,0.51,0.49,2025-03-13,710,N,VIIRS,l,2,307.38,3.44,D,0,1
23.16575,82.34031,315.63,0.46,0.39,2025-01-23,1957,N,VIIRS,n,2,290.94,2.2,N,2,394
23.82489,85.50126,309.59,0.5,0.41,2025-03-11,2015,N,VIIRS,n,2,294.88,2.22,N,2,119
23.2488,77.71725,343.38,0.57,0.52,2025-03-30,831,N,VIIRS,n,2,310.58,6.65,D,0,1
23.6911,87.1197,305.65,0.56,0.43,2025-02-20,1932,N,VIIRS,n,2,286.35,1.23,N,2,312
22.59443,92.66352,332.59,0.49,0.4,2025-03-09,644,N,VIIRS,n,2,306.75,2.77,D,0,1
24.52197,79.4856,344.06,0.6,0.53,2025-03-25,825,N,VIIRS,n,2,313.07,5.0,D,0,2
21.49772,75.15562,347.38,0.59,0.53,2025-03-24,844,N,VIIRS,l,2,318.3,12.29,D,0,1
23.83714,84.94711,303.74,0.43,0.38,2025-03-07,1950,N,VIIRS,n,2,285.91,0.6,N,2,64
23.55956,87.23913,333.28,0.38,0.44,2025-01-01,741,N,VIIRS,n,2,298.12,3.77,D,2,247
13.90825,78.46603,343.65,0.49,0.4,2025-02-16,817,N,VIIRS,l,2,316.05,5.17,D,0,1
23.29512,77.54004,311.43,0.38,0.59,2025-03-23,1950,N,VIIRS,n,2,289.21,0.95,N,0,2
22.31284,82.51761,303.8,0.55,0.42,2025-03-23,1950,N,VIIRS,n,2,292.79,2.56,N,0,24
23.5479,86.54442,308.61,0.36,0.58,2025-03-26,2034,N,VIIRS,n,2,293.0,1.02,N,2,44
24.32743,81.32803,303.73,0.43,0.62,2025-02-20,1932,N,VIIRS,n,2,291.14,1.35,N,2,29
22.31791,82.53358,304.09,0.43,0.62,2025-03-25,2053,N,VIIRS,n,2,293.86,1.28,N,2,58
23.73726,85.0135,321.08,0.43,0.38,2025-03-23,1950,N,VIIRS,n,2,293.08,2.73,N,2,201
14.31346,77.9521,344.1,0.47,0.64,2025-02-03,721,N,VIIRS,n,2,308.27,4.59,D,0,1
22.04551,83.72675,319.35,0.67,0.74,2025-02-10,2100,N,VIIRS,n,2,289.26,9.76,N,2,87
22.82639,77.1005,345.48,0.47,0.4,2025-03-11,748,N,VIIRS,l,2,317.17,7.19,D,0,1
12.57264,77.13236,348.68,0.35,0.57,2025-01-28,733,N,VIIRS,n,2,289.47,4.15,D,0,4
20.76251,80.15781,337.48,0.42,0.45,2025-03-28,728,N,VIIRS,l,2,311.54,5.55,D,0,2
24.56259,94.11105,341.25,0.41,0.37,2025-03-25,644,N,VIIRS,n,2,307.74,5.69,D,0,2
17.13955,77.18411,301.52,0.43,0.38,2025-01-21,2037,N,VIIRS,n,2,291.32,1.06,N,2,29
23.78356,86.39471,306.97,0.36,0.58,2025-02-22,2034,N,VIIRS,n,2,290.62,1.34,N,2,400
23.40516,92.91101,330.58,0.42,0.46,2025-03-07,722,N,VIIRS,n,2,298.34,51.36,D,0,1
17.46313,80.65298,307.11,0.39,0.36,2025-02-18,2011,N,VIIRS,n,2,293.96,1.06,N,0,17
19.14636,79.20117,341.97,0.39,0.36,2025-03-05,759,N,VIIRS,n,2,311.93,4.0,D,0,3
25.20113,91.79881,307.39,0.39,0.6,2025-03-10,1853,N,VIIRS,n,2,290.65,0.84,N,0,2
24.16185,82.67401,303.96,0.45,0.47,2025-03-02,1944,N,VIIRS,n,2,291.99,3.0,N,2,74
21.72918,83.98579,297.55,0.46,0.39,2025-02-07,2016,N,VIIRS,n,2,287.49,0.4,N,0,25
21.16013,84.54411,334.79,0.47,0.39,2025-03-11,747,N,VIIRS,l,2,305.79,3.99,D,0,2
21.92878,85.22062,303.94,0.46,0.39,2025-01-13,1945,N,VIIRS,n,2,286.03,0.9,N,2,165
24.20152,80.80008,305.46,0.39,0.36,2025-03-16,2021,N,VIIRS,n,2,294.39,1.02,N,2,13
19.6275,83.70157,311.84,0.38,0.36,2025-03-17,2004,N,VIIRS,n,2,296.1,1.03,N,0,2
23.79183,86.35428,310.79,0.47,0.4,2025-02-02,2009,N,VIIRS,n,2,292.05,1.3,N,2,95
22.21704,84.75445,303.74,0.39,0.6,2025-02-10,1920,N,VIIRS,n,2,290.01,0.7,N,2,95
24.60596,94.18363,310.0,0.4,0.37,2025-03-08,1931,N,VIIRS,n,2,284.25,0.68,N,0,2
23.77872,86.39273,306.1,0.41,0.6,2025-02-05,1913,N,VIIRS,n,2,292.73,2.0,N,2,400
22.37564,87.27679,305.68,0.35,0.57,2025-03-09,1913,N,VIIRS,n,2,292.94,1.07,N,2,279
20.30421,78.35133,301.45,0.61,0.53,2025-03-07,1951,N,VIIRS,n,2,291.18,1.16,N,0,1
23.78266,86.39339,314.22,0.52,0.42,2025-03-29,1937,N,VIIRS,n,2,300.74,2.67,N,2,400
23.48681,82.55006,304.18,0.46,0.39,2025-03-12,1957,N,VIIRS,n,2,291.55,1.05,N,0,2
25.9842,92.37813,302.77,0.43,0.38,2025-03-18,1943,N,VIIRS,n,2,285.27,0.36,N,0,1
21.49593,80.72533,341.06,0.39,0.36,2025-03-27,747,N,VIIRS,l,2,312.79,3.4,D,0,2
29.89707,78.5383,305.51,0.41,0.37,2025-03-31,2039,N,VIIRS,n,2,286.15,1.01,N,0,1
20.66156,81.46672,341.05,0.34,0.56,2025-02-25,710,N,VIIRS,n,2,306.93,3.34,D,0,1
22.16635,85.43587,295.92,0.4,0.37,2025-02-13,2003,N,VIIRS,n,2,284.78,0.36,N,2,23
19.99866,82.4759,332.25,0.6,0.53,2025-02-25,709,N,VIIRS,n,2,305.66,3.25,D,0,1
29.36772,79.30071,303.61,0.4,0.44,2025-03-25,2051,N,VIIRS,n,2,291.33,1.12,N,0,3
21.85128,85.45879,331.05,0.34,0.56,2025-03-10,806,N,VIIRS,l,2,304.95,1.94,D,0,2
23.75813,85.85827,300.99,0.54,0.42,2025-02-07,2016,N,VIIRS,n,2,286.47,1.43,N,2,79
14.77323,78.26598,344.83,0.41,0.37,2025-03-15,810,N,VIIRS,l,2,317.99,7.22,D,0,1
24.46809,73.72545,337.55,0.55,0.68,2025-03-23,723,N,VIIRS,n,2,307.64,4.06,D,0,1
22.68676,77.45794,311.94,0.6,0.71,2025-03-29,1938,N,VIIRS,n,2,286.39,2.05,N,0,1
25.40075,91.42207,288.22,0.41,0.45,2025-02-16,639,N,VIIRS,l,2,293.35,38.53,D,0,2
20.96204,85.18487,310.3,0.43,0.62,2025-03-31,2041,N,VIIRS,n,2,293.76,2.51,N,2,45
14.09016,78.3619,343.81,0.49,0.49,2025-02-26,829,N,VIIRS,n,2,307.87,6.5,D,0,3
23.67232,85.47356,338.78,0.55,0.43,2025-03-11,748,N,VIIRS,l,2,310.47,3.81,D,0,1
23.71653,86.44309,311.45,0.43,0.38,2025-01-13,1944,N,VIIRS,n,2,288.96,1.61,N,2,229
14.12263,77.88155,353.95,0.38,0.36,2025-03-10,804,N,VIIRS,n,2,319.35,7.5,D,0,2
26.36633,92.23477,331.89,0.34,0.56,2025-03-05,620,N,VIIRS,n,2,299.48,1.89,D,0,1
23.79062,85.55079,306.63,0.63,0.72,2025-01-20,2053,N,VIIRS,n,2,287.51,1.97,N,0,82
21.75657,83.84032,305.52,0.38,0.36,2025-01-28,2004,N,VIIRS,n,2,287.8,0.59,N,2,171
23.16746,82.34389,329.42,0.38,0.36,2025-02-02,2010,N,VIIRS,n,2,292.01,2.49,N,2,394
22.04633,83.72865,304.36,0.55,0.51,2025-01-21,2035,N,VIIRS,n,2,288.41,4.62,N,2,87
24.49327,87.48455,299.9,0.38,0.36,2025-03-07,1950,N,VIIRS,n,2,288.71,0.41,N,0,2
23.53919,84.60953,338.26,0.39,0.6,2025-03-31,813,N,VIIRS,n,2,305.99,3.22,D,0,1
21.9269,83.33558,308.23,0.4,0.6,2025-03-19,1925,N,VIIRS,n,2,291.38,1.98,N,2,58
22.03658,83.34924,301.93,0.38,0.59,2025-01-14,1926,N,VIIRS,n,2,286.41,0.65,N,2,199
23.77573,86.20653,307.81,0.34,0.56,2025-03-26,2034,N,VIIRS,n,2,296.59,1.67,N,2,324
22.95985,77.43988,307.67,0.48,0.4,2025-03-27,2015,N,VIIRS,n,2,295.97,1.86,N,0,1
22.36905,80.0603,346.59,0.49,0.4,2025-03-26,806,N,VIIRS,l,2,318.29,8.35,D,0,3
18.78211,80.78057,307.06,0.39,0.36,2025-03-27,2016,N,VIIRS,n,2,295.66,0.93,N,0,2
18.44393,80.31269,338.16,0.36,0.57,2025-03-18,715,N,VIIRS,n,2,302.44,4.92,D,0,2
25.27014,93.2868,342.45,0.5,0.41,2025-03-20,638,N,VIIRS,n,2,298.37,8.66,D,0,7
22.5567,77.36094,296.71,0.61,0.71,2025-03-29,1938,N,VIIRS,n,2,284.95,0.96,N,0,2
22.37534,87.28084,300.69,0.4,0.37,2025-01-13,1944,N,VIIRS,n,2,289.06,1.35,N,2,279
22.92641,83.72663,340.49,0.4,0.37,2025-03-12,729,N,VIIRS,l,2,313.26,4.2,D,0,1
12.82205,78.58573,334.24,0.39,0.59,2025-03-24,841,N,VIIRS,n,2,303.11,3.33,D,0,5
22.9718,92.50235,340.74,0.5,0.49,2025-03-15,632,N,VIIRS,n,2,298.16,3.9,D,0,2
19.77755,83.06875,334.2,0.38,0.36,2025-03-22,740,N,VIIRS,l,2,304.37,2.32,D,0,3
24.46869,82.22128,338.19,0.44,0.38,2025-03-12,729,N,VIIRS,l,2,312.96,5.9,D,0,1
15.17603,76.67419,304.3,0.42,0.61,2025-01-29,1947,N,VIIRS,n,2,292.56,1.33,N,2,94
23.56143,82.58011,341.55,0.46,0.64,2025-03-25,825,N,VIIRS,n,2,306.15,3.82,D,0,2
23.91442,94.03173,331.24,0.39,0.36,2025-03-30,650,N,VIIRS,l,2,304.76,2.94,D,0,1
23.20624,83.66457,299.97,0.39,0.44,2025-03-18,1944,N,VIIRS,n,2,288.79,0.79,N,0,2
23.73998,85.00943,333.4,0.39,0.36,2025-02-13,2003,N,VIIRS,n,2,293.93,2.1,N,2,201
13.47149,76.82653,342.5,0.44,0.39,2025-02-17,758,N,VIIRS,n,2,311.4,5.01,D,0,2
22.21378,84.54826,335.72,0.32,0.55,2025-03-03,657,N,VIIRS,l,2,306.18,2.46,D,0,60
21.92925,85.2227,304.08,0.59,0.53,2025-03-03,1926,N,VIIRS,n,2,290.77,1.15,N,2,165
26.76098,83.20073,297.19,0.44,0.62,2025-02-15,1925,N,VIIRS,n,2,285.82,0.74,N,2,90
22.58882,85.90436,307.63,0.34,0.56,2025-02-10,1919,N,VIIRS,n,2,290.24,1.23,N,2,62
15.65871,73.99123,303.65,0.51,0.41,2025-03-25,2055,N,VIIRS,n,2,283.46,1.26,N,2,87
21.75462,84.02591,302.96,0.47,0.39,2025-01-22,2016,N,VIIRS,n,2,291.48,1.08,N,2,24
23.74166,85.00894,320.28,0.39,0.44,2025-02-12,2022,N,VIIRS,n,2,292.49,1.62,N,2,201
24.1811,82.65829,300.29,0.58,0.7,2025-03-30,1918,N,VIIRS,n,2,289.91,1.3,N,0,14
21.91994,83.35021,336.42,0.39,0.36,2025-01-01,741,N,VIIRS,l,2,309.11,2.9,D,2,390
25.63975,92.53155,344.22,0.43,0.62,2025-03-16,614,N,VIIRS,n,2,297.12,7.33,D,0,10
13.26754,75.79811,338.12,0.42,0.45,2025-03-16,751,N,VIIRS,l,2,311.58,4.62,D,0,1
19.39021,73.08823,341.21,0.43,0.46,2025-01-03,844,N,VIIRS,n,2,309.8,5.48,D,0,1
23.06599,81.87469,338.47,0.53,0.67,2025-03-14,832,N,VIIRS,n,2,306.38,5.34,D,0,1
22.20964,84.87908,305.51,0.39,0.36,2025-03-12,1957,N,VIIRS,n,2,294.57,0.71,N,2,36
9.79734,76.90517,339.83,0.44,0.46,2025-02-15,835,N,VIIRS,n,2,305.83,7.95,D,0,2
24.51444,85.39455,338.25,0.38,0.36,2025-03-28,729,N,VIIRS,l,2,313.11,2.32,D,0,1
21.60452,82.89121,336.13,0.48,0.65,2025-01-04,825,N,VIIRS,n,2,302.67,3.38,D,0,2
24.45148,83.03964,298.22,0.45,0.47,2025-02-06,2034,N,VIIRS,n,2,285.48,1.28,N,2,40
20.96978,86.01566,303.74,0.5,0.66,2025-01-10,2041,N,VIIRS,n,2,288.24,1.63,N,2,48
24.76467,74.60836,305.13,0.56,0.43,2025-01-27,2022,N,VIIRS,n,2,288.37,2.34,N,2,54
22.16092,82.56403,333.23,0.4,0.37,2025-01-12,735,N,VIIRS,n,2,296.03,2.2,D,0,2
25.74735,91.43148,296.14,0.46,0.39,2025-03-07,1949,N,VIIRS,n,2,286.02,0.71,N,0,1
17.65659,80.47321,351.15,0.4,0.37,2025-03-21,758,N,VIIRS,n,2,309.62,5.24,D,0,3
22.49612,92.81198,315.81,0.39,0.36,2025-03-24,1931,N,VIIRS,n,2,293.76,1.84,N,0,2
25.91666,91.56026,306.3,0.44,0.39,2025-03-19,1924,N,VIIRS,n,2,290.63,1.4,N,0,2
26.97595,83.77125,332.2,0.41,0.37,2025-02-03,724,N,VIIRS,n,2,298.92,2.44,D,0,1
26.24456,93.62737,339.72,0.46,0.47,2025-03-10,626,N,VIIRS,n,2,295.95,17.44,D,0,1
23.67904,86.09894,310.09,0.4,0.37,2025-03-01,2003,N,VIIRS,n,2,293.58,1.49,N,2,87
22.67616,92.63232,325.56,0.43,0.38,2025-03-14,1919,N,VIIRS,n,2,292.11,2.57,N,0,2
25.69746,92.42252,327.28,0.52,0.67,2025-02-07,608,N,VIIRS,n,2,298.02,2.81,D,0,1
22.31669,82.53543,313.12,0.45,0.39,2025-02-24,1957,N,VIIRS,n,2,292.67,2.16,N,2,35
15.93936,79.03874,338.48,0.45,0.39,2025-02-27,811,N,VIIRS,l,2,308.86,2.99,D,0,1
21.18227,80.05383,344.15,0.42,0.45,2025-03-28,728,N,VIIRS,n,2,309.21,2.82,D,0,1
22.03199,83.36558,310.28,0.39,0.36,2025-02-18,2010,N,VIIRS,n,2,292.82,0.92,N,2,59
16.34529,76.27901,297.68,0.54,0.42,2025-01-17,2012,N,VIIRS,n,2,285.97,0.47,N,0,1
24.16671,82.62105,299.96,0.41,0.61,2025-02-05,2053,N,VIIRS,n,2,286.97,1.23,N,0,76
21.77129,84.02186,308.38,0.38,0.36,2025-01-28,2004,N,VIIRS,n,2,285.54,0.8,N,2,248
23.77926,86.38911,309.32,0.37,0.58,2025-02-06,2034,N,VIIRS,n,2,291.34,1.9,N,2,400
24.67545,86.49792,341.26,0.46,0.39,2025-03-29,710,N,VIIRS,n,2,315.92,3.2,D,0,2
23.68179,86.39542,310.84,0.37,0.58,2025-01-21,2034,N,VIIRS,n,2,291.04,2.19,N,2,180
24.55706,85.79998,300.48,0.38,0.43,2025-03-29,1937,N,VIIRS,n,2,287.61,0.67,N,0,2
15.17706,76.65528,317.91,0.41,0.45,2025-01-12,2006,N,VIIRS,n,2,293.81,1.78,N,2,187
23.68045,86.38837,300.15,0.41,0.37,2025-02-13,2003,N,VIIRS,n,2,285.73,1.55,N,2,251
19.83705,79.81544,337.53,0.54,0.42,2025-03-31,812,N,VIIRS,l,2,310.11,3.99,D,0,1
17.53271,78.24462,352.04,0.39,0.36,2025-03-10,805,N,VIIRS,n,2,315.5,9.54,D,0,1
20.12032,83.38341,339.06,0.39,0.36,2025-02-18,741,N,VIIRS,n,2,309.38,2.39,D,0,2
20.78533,85.26629,305.86,0.45,0.39,2025-03-02,1945,N,VIIRS,n,2,295.77,1.41,N,2,91
21.5408,75.44334,338.83,0.39,0.36,2025-03-31,812,N,VIIRS,n,2,308.94,2.92,D,0,1
23.75769,85.85532,311.07,0.45,0.39,2025-02-18,2009,N,VIIRS,n,2,291.83,3.11,N,2,79
22.03868,83.34843,298.87,0.41,0.37,2025-02-08,1957,N,VIIRS,n,2,285.97,1.51,N,2,199
23.91075,83.29084,339.12,0.33,0.55,2025-03-31,813,N,VIIRS,l,2,313.29,3.43,D,0,1
19.10197,73.05398,323.15,0.4,0.45,2025-03-19,2107,N,VIIRS,n,2,292.13,3.17,N,2,121
20.57401,84.04614,350.84,0.41,0.37,2025-03-28,728,N,VIIRS,n,2,312.46,4.88,D,0,2
21.68523,82.11909,341.7,0.42,0.61,2025-03-09,825,N,VIIRS,n,2,310.35,4.53,D,0,1
15.18111,76.65649,301.9,0.33,0.55,2025-01-25,2102,N,VIIRS,n,2,291.24,1.77,N,2,187
20.69954,84.05318,338.49,0.47,0.48,2025-03-13,709,N,VIIRS,n,2,310.09,3.86,D,0,2
20.94422,86.05999,301.66,0.77,0.77,2025-03-09,2054,N,VIIRS,n,2,291.45,2.31,N,2,88
18.54094,78.52219,337.81,0.55,0.43,2025-03-06,740,N,VIIRS,n,2,312.75,5.73,D,0,1
23.78088,86.34574,319.72,0.53,0.42,2025-03-29,1937,N,VIIRS,n,2,298.31,2.02,N,2,199
24.16738,82.62537,304.42,0.47,0.39,2025-03-12,1956,N,VIIRS,n,2,291.97,0.73,N,0,118
16.6981,76.49566,343.27,0.41,0.45,2025-02-07,746,N,VIIRS,n,2,309.69,20.71,D,0,2
20.86521,82.40012,341.8,0.47,0.4,2025-03-12,728,N,VIIRS,n,2,315.27,3.02,D,0,4
21.37786,81.68094,311.78,0.39,0.36,2025-03-06,2010,N,VIIRS,n,2,294.24,2.16,N,2,107
22.35167,73.67435,304.18,0.59,0.7,2025-03-28,2137,N,VIIRS,n,2,292.83,3.15,N,0,11
24.09376,93.86794,298.71,0.46,0.47,2025-03-31,1859,N,VIIRS,n,2,287.76,0.41,N,0,1
24.53876,93.69273,367.0,0.39,0.59,2025-03-01,735,N,VIIRS,h,2,299.5,17.61,D,0,8
21.82412,83.89891,304.79,0.43,0.62,2025-03-20,2047,N,VIIRS,n,2,289.38,1.13,N,0,14
15.17767,77.1013,302.03,0.64,0.72,2025-01-03,1934,N,VIIRS,n,2,289.63,2.14,N,2,71
23.74875,86.37411,333.73,0.47,0.48,2025-03-19,657,N,VIIRS,l,2,308.19,1.82,D,0,1
25.71254,90.87024,331.03,0.42,0.61,2025-03-11,748,N,VIIRS,n,2,293.91,1.79,D,0,2
21.75906,83.84105,302.76,0.4,0.37,2025-03-22,2009,N,VIIRS,n,2,291.4,0.73,N,2,171
26.43272,94.64603,347.76,0.47,0.4,2025-03-24,704,N,VIIRS,n,2,303.93,17.31,D,0,2
15.70654,78.70694,305.77,0.39,0.36,2025-03-16,2024,N,VIIRS,n,2,295.54,0.98,N,0,1
21.54343,86.14397,337.0,0.44,0.38,2025-03-18,715,N,VIIRS,n,2,304.37,3.87,D,0,1
22.40092,86.79309,345.71,0.38,0.36,2025-03-07,722,N,VIIRS,n,2,311.03,8.47,D,0,1
17.29204,78.12753,342.36,0.43,0.38,2025-02-27,811,N,VIIRS,l,2,316.2,4.53,D,0,1
23.39125,93.08573,336.38,0.55,0.68,2025-03-11,607,N,VIIRS,n,2,311.08,66.48,D,0,10
17.6244,73.60086,348.42,0.34,0.56,2025-03-18,855,N,VIIRS,n,2,306.62,6.44,D,0,3
20.88647,84.98338,313.55,0.48,0.64,2025-03-09,1913,N,VIIRS,n,2,292.98,2.38,N,2,119
19.09412,73.84682,309.69,0.36,0.58,2025-03-13,2120,N,VIIRS,n,2,292.77,1.35,N,0,2
15.3474,77.85108,347.54,0.36,0.57,2025-02-08,727,N,VIIRS,n,2,306.87,4.24,D,0,2
14.31678,78.01757,307.14,0.42,0.38,2025-03-05,2031,N,VIIRS,n,2,295.02,0.71,N,0,1
22.79847,86.09103,315.63,0.34,0.56,2025-03-30,1919,N,VIIRS,n,2,295.84,2.17,N,2,166
23.81088,84.84403,297.27,0.32,0.55,2025-02-15,1925,N,VIIRS,n,2,286.49,1.01,N,2,78
21.77,84.02223,304.17,0.35,0.57,2025-03-03,1926,N,VIIRS,n,2,293.59,0.98,N,2,248
22.20333,84.57747,295.97,0.43,0.38,2025-01-02,1951,N,VIIRS,n,2,279.05,0.65,N,2,14
18.04298,80.61101,328.69,0.39,0.36,2025-03-27,2017,N,VIIRS,n,2,298.14,1.58,N,0,2
23.54864,87.24635,307.01,0.44,0.38,2025-03-01,2003,N,VIIRS,n,2,292.52,1.37,N,2,55
22.33093,82.60596,301.84,0.34,0.56,2025-02-20,1932,N,VIIRS,n,2,290.93,1.17,N,2,44
20.55824,84.30239,335.11,0.38,0.36,2025-03-17,734,N,VIIRS,n,2,306.33,2.04,D,0,1
11.48493,76.62794,320.68,0.37,0.58,2025-03-30,2103,N,VIIRS,n,2,283.56,2.62,N,0,23
20.96363,85.17226,324.91,0.45,0.39,2025-02-02,2010,N,VIIRS,n,2,296.02,2.67,N,2,176
21.91938,83.35204,327.94,0.39,0.36,2025-02-13,2004,N,VIIRS,n,2,299.0,2.57,N,2,390
18.03195,80.21829,343.88,0.46,0.39,2025-03-06,740,N,VIIRS,n,2,313.16,6.41,D,0,1
21.0732,80.28248,352.4,0.32,0.54,2025-03-18,716,N,VIIRS,n,2,309.38,3.03,D,0,1
22.58753,85.90714,305.07,0.38,0.36,2025-01-07,1957,N,VIIRS,n,2,287.2,0.9,N,2,74
19.06162,73.18279,350.74,0.39,0.36,2025-02-16,819,N,VIIRS,n,2,315.81,8.94,D,0,4
19.84183,76.5495,341.75,0.56,0.43,2025-03-27,746,N,VIIRS,l,2,315.38,11.98,D,0,1
26.12803,72.63817,340.82,0.48,0.4,2025-03-14,833,N,VIIRS,l,2,311.82,10.23,D,0,1
24.50815,83.37441,338.37,0.45,0.47,2025-03-29,710,N,VIIRS,l,2,311.77,1.77,D,0,1
19.92031,79.11423,313.07,0.4,0.37,2025-03-27,2016,N,VIIRS,n,2,299.26,2.17,N,2,62
19.12718,84.28154,341.06,0.39,0.36,2025-03-17,734,N,VIIRS,l,2,312.41,3.07,D,0,1
22.78517,86.2062,310.44,0.44,0.38,2025-03-18,1944,N,VIIRS,n,2,296.11,1.54,N,2,136
22.31891,82.56087,313.02,0.46,0.39,2025-02-12,2022,N,VIIRS,n,2,293.77,1.51,N,2,87
23.98032,91.75844,342.5,0.57,0.52,2025-03-17,735,N,VIIRS,n,2,298.48,15.16,D,0,6
19.70818,80.0876,306.76,0.38,0.36,2025-03-27,2016,N,VIIRS,n,2,295.31,0.97,N,0,2
27.33181,93.91286,337.43,0.43,0.46,2025-03-26,626,N,VIIRS,n,2,307.18,71.29,D,0,1
13.90384,75.85977,339.84,0.51,0.49,2025-03-11,745,N,VIIRS,n,2,309.73,5.1,D,0,2
21.85794,83.96704,301.98,0.38,0.36,2025-01-12,2004,N,VIIRS,n,2,288.37,1.39,N,2,50
15.50197,74.03401,335.93,0.4,0.6,2025-03-06,740,N,VIIRS,n,2,309.04,2.94,D,0,1
21.8514,84.93919,351.73,0.33,0.55,2025-01-21,806,N,VIIRS,n,2,310.58,10.38,D,0,2
23.61502,86.66657,332.81,0.4,0.37,2025-01-23,729,N,VIIRS,n,2,301.49,2.38,D,0,1
21.72662,79.64738,333.48,0.54,0.51,2025-03-23,722,N,VIIRS,l,2,306.9,2.38,D,0,2
26.90213,88.25439,336.76,0.39,0.36,2025-03-18,717,N,VIIRS,n,2,300.72,3.72,D,0,1
22.04438,83.73584,336.5,0.54,0.68,2025-03-09,825,N,VIIRS,n,2,304.6,8.74,D,2,243
23.66136,85.00063,300.56,0.4,0.44,2025-01-08,1938,N,VIIRS,n,2,281.5,0.91,N,2,41
23.77941,86.34132,295.35,0.64,0.72,2025-01-10,1900,N,VIIRS,n,2,284.81,1.19,N,2,87
23.77793,86.3889,351.7,0.47,0.4,2025-03-29,710,N,VIIRS,n,2,325.72,8.51,D,2,400
12.18451,77.4425,342.7,0.43,0.46,2025-02-23,745,N,VIIRS,n,2,308.63,7.56,D,0,2
11.04863,76.45219,332.16,0.39,0.36,2025-02-27,810,N,VIIRS,l,2,306.84,3.16,D,0,3
15.20301,77.66084,342.9,0.38,0.59,2025-02-04,843,N,VIIRS,n,2,307.8,4.24,D,0,2
21.75653,84.02611,303.76,0.46,0.39,2025-02-23,2016,N,VIIRS,n,2,293.07,3.08,N,2,55
17.0621,76.97865,307.83,0.43,0.38,2025-02-07,2018,N,VIIRS,n,2,294.14,1.06,N,2,31
21.50337,83.32748,333.03,0.39,0.36,2025-03-17,734,N,VIIRS,n,2,302.51,2.81,D,0,1
20.7931,85.25455,323.6,0.45,0.63,2025-02-21,1914,N,VIIRS,n,2,290.6,3.71,N,2,120
23.76242,86.39987,311.88,0.66,0.73,2025-03-15,1900,N,VIIRS,n,2,293.38,3.02,N,2,481
24.73269,93.61824,356.46,0.48,0.64,2025-03-11,607,N,VIIRS,n,2,305.48,50.06,D,0,2
22.28118,83.77274,342.76,0.44,0.38,2025-03-27,747,N,VIIRS,l,2,315.13,2.62,D,0,2
25.56711,92.17466,338.1,0.39,0.36,2025-03-19,657,N,VIIRS,n,2,301.54,4.36,D,0,1
20.76114,85.29858,309.06,0.46,0.47,2025-03-24,1932,N,VIIRS,n,2,293.97,1.37,N,0,83
21.07371,83.31731,333.57,0.51,0.49,2025-02-25,710,N,VIIRS,l,2,305.46,3.42,D,0,2
20.78918,85.25893,304.28,0.35,0.57,2025-01-25,1920,N,VIIRS,n,2,292.22,1.87,N,2,248
25.22818,91.16547,330.33,0.38,0.36,2025-02-04,704,N,VIIRS,n,2,298.1,1.37,D,0,1
25.38175,94.19891,332.26,0.4,0.37,2025-03-03,658,N,VIIRS,n,2,298.43,6.61,D,0,1
21.63569,81.10016,346.89,0.4,0.37,2025-02-02,741,N,VIIRS,n,2,304.04,4.43,D,0,2
14.77731,78.91804,344.94,0.43,0.38,2025-03-15,810,N,VIIRS,l,2,316.96,14.04,D,0,4
14.04621,77.85646,340.45,0.37,0.58,2025-03-08,842,N,VIIRS,n,2,311.77,6.13,D,0,2
18.68101,73.032,304.03,0.52,0.41,2025-02-10,2102,N,VIIRS,n,2,293.36,1.48,N,2,87
14.4122,77.90082,336.51,0.56,0.43,2025-03-11,745,N,VIIRS,l,2,308.7,1.07,D,0,1
18.65525,73.33603,336.34,0.44,0.38,2025-02-26,831,N,VIIRS,l,2,309.53,1.76,D,0,2
23.80294,85.53685,304.8,0.48,0.4,2025-03-18,1944,N,VIIRS,n,2,293.44,1.01,N,2,30
24.6144,85.72688,341.81,0.5,0.41,2025-03-29,710,N,VIIRS,l,2,312.88,3.58,D,0,10
16.29103,76.03896,307.76,0.46,0.47,2025-01-20,2056,N,VIIRS,n,2,288.3,1.55,N,0,1
23.68365,86.39441,320.99,0.4,0.37,2025-03-23,1950,N,VIIRS,n,2,294.68,2.18,N,2,251
24.07156,93.54322,308.4,0.43,0.38,2025-03-29,1937,N,VIIRS,n,2,293.32,1.68,N,0,2
15.16958,76.37897,313.89,0.44,0.38,2025-02-07,2018,N,VIIRS,n,2,295.91,2.05,N,2,115
22.76041,86.29006,343.73,0.39,0.36,2025-03-12,728,N,VIIRS,l,2,315.18,2.61,D,0,2
21.72098,81.08955,335.01,0.34,0.56,2025-02-09,710,N,VIIRS,n,2,307.03,1.37,D,0,1
21.39763,82.02108,343.77,0.37,0.58,2025-01-19,704,N,VIIRS,n,2,308.26,4.16,D,0,2
25.39571,91.20398,330.31,0.4,0.37,2025-02-25,710,N,VIIRS,n,2,301.35,2.14,D,0,1
20.783,85.26162,312.79,0.45,0.39,2025-03-06,2010,N,VIIRS,n,2,289.84,1.54,N,2,61
24.14065,82.68042,295.52,0.54,0.42,2025-01-18,1950,N,VIIRS,n,2,284.26,0.66,N,0,49
20.90937,71.46177,303.62,0.39,0.36,2025-02-05,2055,N,VIIRS,n,2,291.01,0.9,N,2,105
20.97947,85.13491,342.89,0.43,0.46,2025-03-16,2022,N,VIIRS,n,2,295.74,3.55,N,2,201
12.88794,78.26205,354.53,0.45,0.47,2025-03-30,829,N,VIIRS,n,2,308.85,7.56,D,0,1
17.84859,80.9619,337.07,0.51,0.5,2025-01-31,818,N,VIIRS,n,2,307.0,3.02,D,0,1
13.98044,76.42042,301.02,0.53,0.5,2025-02-05,2056,N,VIIRS,n,2,290.32,1.27,N,0,2
24.54207,85.28474,345.57,0.38,0.36,2025-03-28,729,N,VIIRS,n,2,314.63,4.99,D,0,1
23.16748,82.34502,321.89,0.44,0.39,2025-01-11,2022,N,VIIRS,n,2,284.44,1.72,N,2,25
23.77885,86.38929,345.05,0.46,0.39,2025-02-09,710,N,VIIRS,n,2,314.65,8.23,D,2,400
24.68961,73.0003,302.99,0.39,0.36,2025-03-20,2047,N,VIIRS,n,2,291.75,1.36,N,2,39
21.07795,85.03249,302.83,0.46,0.39,2025-01-13,1945,N,VIIRS,n,2,292.08,2.17,N,2,48
22.48433,83.0679,341.87,0.39,0.36,2025-03-06,741,N,VIIRS,n,2,309.09,3.43,D,0,1
18.53173,73.20863,339.38,0.39,0.36,2025-01-04,824,N,VIIRS,n,2,307.78,3.01,D,0,1
22.04575,83.72902,323.35,0.53,0.42,2025-01-27,2022,N,VIIRS,n,2,287.73,4.14,N,2,87
24.48732,79.71942,344.73,0.46,0.64,2025-03-24,704,N,VIIRS,n,2,313.97,3.79,D,0,1
31.44459,77.71827,343.95,0.39,0.44,2025-01-26,816,N,VIIRS,n,2,303.67,8.4,D,0,1
24.33378,93.89519,335.93,0.64,0.72,2025-02-07,748,N,VIIRS,n,2,302.53,4.59,D,0,1
21.65505,77.39754,348.38,0.41,0.45,2025-03-25,825,N,VIIRS,n,2,318.34,4.42,D,0,1
22.37461,85.57046,308.51,0.38,0.36,2025-03-28,1956,N,VIIRS,n,2,293.89,1.28,N,0,1
24.50662,87.21917,340.18,0.41,0.37,2025-03-28,728,N,VIIRS,l,2,314.59,3.25,D,0,2
23.94464,91.70187,307.46,0.39,0.36,2025-03-24,1931,N,VIIRS,n,2,288.89,1.21,N,0,3
22.63431,77.37168,306.75,0.39,0.36,2025-03-26,2034,N,VIIRS,n,2,289.63,0.63,N,0,1
20.35806,82.44375,341.81,0.39,0.37,2025-02-23,747,N,VIIRS,n,2,306.99,2.14,D,0,2
25.77636,90.97046,346.77,0.4,0.37,2025-03-13,710,N,VIIRS,n,2,297.34,8.31,D,0,2
26.30414,84.88374,326.25,0.4,0.44,2025-02-04,705,N,VIIRS,n,2,296.17,1.97,D,0,1
20.95195,85.01169,306.17,0.39,0.37,2025-03-17,2003,N,VIIRS,n,2,293.63,1.45,N,2,18
25.80352,90.69256,335.3,0.41,0.37,2025-03-19,657,N,VIIRS,n,2,306.66,24.58,D,0,2
23.68377,86.08939,303.8,0.44,0.46,2025-03-24,1931,N,VIIRS,n,2,292.74,1.76,N,2,228
19.22137,84.18414,338.95,0.41,0.45,2025-03-21,759,N,VIIRS,n,2,309.12,5.12,D,0,2
20.08582,82.26772,304.44,0.44,0.62,2025-03-19,1926,N,VIIRS,n,2,290.19,0.73,N,0,7
19.49346,73.43988,345.96,0.46,0.39,2025-03-10,806,N,VIIRS,l,2,318.89,16.15,D,0,3
27.98295,73.07085,355.77,0.4,0.37,2025-02-06,808,N,VIIRS,n,2,308.15,2.96,D,0,1
23.80943,85.53286,302.41,0.38,0.36,2025-02-08,1957,N,VIIRS,n,2,283.71,0.85,N,0,26
14.32798,78.72927,336.53,0.42,0.45,2025-03-22,739,N,VIIRS,n,2,301.1,4.2,D,0,2
21.98622,83.23284,310.67,0.39,0.36,2025-01-28,2004,N,VIIRS,n,2,290.12,1.37,N,2,54
23.77887,86.20667,315.72,0.39,0.36,2025-02-03,1951,N,VIIRS,n,2,294.61,2.04,N,2,324
23.66682,86.09281,300.79,0.4,0.37,2025-02-03,1951,N,VIIRS,n,2,287.96,1.08,N,2,85
25.58642,92.54855,330.08,0.53,0.42,2025-03-02,717,N,VIIRS,n,2,296.43,2.26,D,0,1
29.62305,78.40246,328.2,0.54,0.42,2025-02-08,731,N,VIIRS,n,2,296.02,2.52,D,0,2
20.92344,86.04279,303.81,0.32,0.54,2025-01-16,2029,N,VIIRS,n,2,288.65,0.68,N,2,27
12.24235,77.66189,333.17,0.33,0.55,2025-02-13,733,N,VIIRS,n,2,306.27,27.41,D,0,3
20.79084,80.24257,339.54,0.39,0.36,2025-03-27,747,N,VIIRS,l,2,312.29,1.85,D,0,2
18.20591,77.8649,331.89,0.51,0.49,2025-03-17,734,N,VIIRS,n,2,305.55,2.47,D,0,1
25.17099,94.38415,329.31,0.43,0.62,2025-03-27,607,N,VIIRS,l,2,301.06,3.08,D,0,1
22.03088,83.65901,336.33,0.39,0.36,2025-03-06,741,N,VIIRS,n,2,304.2,2.26,D,0,1
23.77919,86.39429,304.57,0.64,0.72,2025-01-26,1900,N,VIIRS,n,2,290.79,2.47,N,2,400
23.76647,86.40032,302.12,0.65,0.73,2025-02-27,1900,N,VIIRS,n,2,287.98,1.42,N,2,138
18.87783,76.33398,344.01,0.68,0.74,2025-03-07,902,N,VIIRS,n,2,313.69,8.66,D,0,1
24.09882,92.59055,356.88,0.41,0.61,2025-03-06,741,N,VIIRS,n,2,306.55,26.65,D,0,2
22.77175,79.01929,313.37,0.43,0.38,2025-03-26,2034,N,VIIRS,n,2,298.37,1.85,N,0,3
21.21206,77.87713,336.04,0.53,0.42,2025-03-20,818,N,VIIRS,l,2,310.46,4.65,D,0,2
23.36281,87.71674,329.13,0.58,0.7,2025-01-05,626,N,VIIRS,n,2,295.48,3.26,D,0,1
21.92472,83.3511,305.6,0.52,0.5,2025-01-21,2035,N,VIIRS,n,2,291.19,3.34,N,2,390
23.77619,86.36528,342.32,0.41,0.37,2025-03-02,716,N,VIIRS,l,2,314.21,3.64,D,2,162
20.96329,85.17479,333.39,0.43,0.38,2025-01-01,741,N,VIIRS,n,2,297.87,2.96,D,2,176
17.66189,75.44386,334.77,0.38,0.36,2025-01-26,812,N,VIIRS,l,2,308.95,1.62,D,0,1
21.18153,81.38482,314.41,0.39,0.36,2025-01-01,2010,N,VIIRS,n,2,291.04,2.77,N,3,46
23.16583,82.33464,353.64,0.37,0.58,2025-03-08,1932,N,VIIRS,n,2,295.56,4.47,N,2,64
19.49069,79.87921,317.69,0.43,0.46,2025-03-15,2042,N,VIIRS,n,2,297.23,1.82,N,0,4
20.69326,82.22332,303.53,0.38,0.36,2025-03-06,2010,N,VIIRS,n,2,291.09,1.08,N,0,1
18.90391,80.43819,305.33,0.43,0.46,2025-03-07,1952,N,VIIRS,n,2,294.93,1.56,N,0,1
23.6643,77.35149,348.66,0.4,0.37,2025-03-10,807,N,VIIRS,n,2,316.23,6.58,D,0,1
22.98483,78.0361,305.83,0.45,0.39,2025-03-11,2016,N,VIIRS,n,2,295.78,1.61,N,0,1
26.33878,83.25331,332.1,0.47,0.4,2025-02-07,749,N,VIIRS,n,2,301.97,3.28,D,0,1
23.75197,86.41739,309.55,0.42,0.37,2025-01-12,2003,N,VIIRS,n,2,290.76,1.67,N,2,133
23.68067,86.39532,298.95,0.32,0.55,2025-01-25,1919,N,VIIRS,n,2,287.65,0.74,N,2,180
25.15145,80.93501,335.22,0.73,0.76,2025-03-25,645,N,VIIRS,l,2,305.73,3.91,D,0,1
21.18358,81.3877,312.34,0.39,0.36,2025-02-02,2010,N,VIIRS,n,2,297.15,1.02,N,3,71
23.8745,73.2458,317.64,0.41,0.37,2025-03-31,2041,N,VIIRS,n,2,296.57,1.34,N,0,3
16.56444,73.69618,338.52,0.41,0.6,2025-03-22,740,N,VIIRS,n,2,311.71,3.63,D,0,1
13.47363,75.87518,311.65,0.41,0.37,2025-03-10,2037,N,VIIRS,n,2,292.08,3.67,N,0,1
22.07354,83.62356,330.28,0.38,0.36,2025-01-28,735,N,VIIRS,l,2,304.57,2.01,D,0,2
13.14339,75.32335,343.16,0.36,0.58,2025-03-06,739,N,VIIRS,n,2,300.6,7.56,D,0,11
18.8224,81.82412,335.75,0.44,0.46,2025-03-07,721,N,VIIRS,l,2,309.62,3.47,D,0,1
21.92623,82.83918,334.33,0.39,0.36,2025-01-01,741,N,VIIRS,n,2,302.74,4.26,D,0,1
25.72952,93.88456,310.59,0.39,0.36,2025-03-19,1924,N,VIIRS,n,2,288.94,1.28,N,0,1
22.66276,78.56729,307.6,0.51,0.49,2025-03-28,1957,N,VIIRS,n,2,293.9,1.17,N,0,1
15.0096,78.08952,334.08,0.49,0.49,2025-02-10,830,N,VIIRS,l,2,307.32,1.3,D,0,1
25.72865,91.51359,352.54,0.32,0.55,2025-03-26,626,N,VIIRS,n,2,297.23,3.88,D,0,1
17.52241,77.13116,341.84,0.46,0.39,2025-01-31,818,N,VIIRS,l,2,315.96,7.91,D,0,3
22.68285,84.00189,332.84,0.54,0.42,2025-03-16,754,N,VIIRS,l,2,306.87,1.96,D,0,2
23.77539,91.96832,338.14,0.47,0.4,2025-03-18,716,N,VIIRS,n,2,296.56,22.82,D,0,1
19.48377,73.1172,345.02,0.39,0.36,2025-03-25,824,N,VIIRS,n,2,316.8,4.74,D,0,1
22.87578,86.06335,306.88,0.39,0.36,2025-01-23,1957,N,VIIRS,n,2,290.89,0.95,N,2,37
23.68198,86.08356,305.67,0.4,0.37,2025-02-03,1951,N,VIIRS,n,2,290.65,1.18,N,2,87
15.65857,73.98745,322.92,0.39,0.36,2025-03-15,2043,N,VIIRS,n,2,295.03,1.59,N,2,87
15.17003,76.37917,306.47,0.35,0.57,2025-02-19,1953,N,VIIRS,n,2,292.24,1.29,N,2,115
22.4708,77.62925,318.61,0.53,0.5,2025-03-30,2100,N,VIIRS,n,2,287.84,1.65,N,0,3
25.32994,94.3717,301.93,0.56,0.51,2025-03-26,1852,N,VIIRS,n,2,286.81,1.21,N,0,2
23.6485,85.43979,301.69,0.47,0.47,2025-01-03,1931,N,VIIRS,n,2,285.7,1.75,N,0,90
22.37968,87.28242,315.18,0.44,0.62,2025-03-10,2034,N,VIIRS,n,2,292.3,1.61,N,2,279
23.5607,81.57232,336.97,0.5,0.66,2025-03-30,831,N,VIIRS,l,2,310.88,2.54,D,0,1
23.73286,76.11758,341.58,0.43,0.38,2025-01-27,755,N,VIIRS,n,2,304.64,4.22,D,0,1
22.12096,77.97089,307.06,0.35,0.56,2025-03-23,1951,N,VIIRS,n,2,289.4,0.9,N,0,3
16.88257,77.45207,347.03,0.46,0.39,2025-03-16,752,N,VIIRS,n,2,320.96,8.44,D,0,1
25.85948,90.86738,348.54,0.4,0.37,2025-03-13,710,N,VIIRS,n,2,298.64,7.69,D,0,1
13.1849,79.95192,330.36,0.5,0.66,2025-02-20,842,N,VIIRS,n,2,297.76,3.16,D,0,1
22.94445,81.79416,300.59,0.48,0.48,2025-03-31,2040,N,VIIRS,n,2,289.83,1.47,N,0,2
22.36471,87.30427,302.71,0.4,0.37,2025-02-14,1945,N,VIIRS,n,2,292.7,0.99,N,2,92
26.64407,79.4822,335.08,0.38,0.36,2025-02-07,749,N,VIIRS,n,2,300.42,3.79,D,2,131
24.69968,86.11847,312.39,0.55,0.43,2025-03-29,1937,N,VIIRS,n,2,292.8,1.15,N,0,3
22.35392,82.29024,296.45,0.54,0.42,2025-01-18,1951,N,VIIRS,n,2,285.23,1.74,N,2,101
20.95782,85.14453,308.82,0.4,0.37,2025-01-02,1951,N,VIIRS,n,2,289.95,0.83,N,2,19
18.56081,80.44115,309.13,0.39,0.44,2025-02-22,2036,N,VIIRS,n,2,293.42,1.03,N,0,1
22.31578,82.56339,312.31,0.54,0.51,2025-02-09,1938,N,VIIRS,n,2,288.81,2.6,N,0,87
18.72063,79.5391,342.62,0.39,0.36,2025-03-16,753,N,VIIRS,l,2,316.77,6.04,D,2,123
22.78757,86.20769,306.97,0.36,0.57,2025-03-26,2034,N,VIIRS,n,2,295.98,1.38,N,2,136
20.14669,84.31971,300.98,0.32,0.55,2025-02-22,2035,N,VIIRS,n,2,289.91,0.28,N,0,3
24.39149,77.28064,349.16,0.4,0.37,2025-03-26,807,N,VIIRS,l,2,320.26,9.91,D,0,1
18.0547,80.04037,301.81,0.44,0.46,2025-03-07,1952,N,VIIRS,n,2,291.14,1.11,N,0,2
22.32928,82.60627,304.01,0.54,0.42,2025-03-23,1950,N,VIIRS,n,2,292.62,0.89,N,2,44
28.76065,79.95411,304.18,0.46,0.39,2025-03-31,2039,N,VIIRS,n,2,289.14,1.45,N,0,1
13.20184,77.45355,347.86,0.56,0.69,2025-02-14,855,N,VIIRS,n,2,303.92,7.95,D,0,3
17.4946,76.97485,341.59,0.38,0.36,2025-01-21,805,N,VIIRS,n,2,315.55,2.7,D,0,1
23.61362,87.14642,305.89,0.47,0.48,2025-03-19,1925,N,VIIRS,n,2,293.81,1.92,N,2,57
12.31222,77.77565,340.3,0.42,0.45,2025-03-30,828,N,VIIRS,n,2,310.03,6.0,D,0,1
21.16918,86.59922,329.81,0.39,0.44,2025-01-03,703,N,VIIRS,n,2,298.1,2.21,D,0,1
23.2414,79.35743,348.08,0.53,0.5,2025-03-23,722,N,VIIRS,n,2,315.75,6.52,D,0,2
21.92491,83.35139,308.28,0.39,0.36,2025-02-02,2010,N,VIIRS,n,2,294.5,3.61,N,2,390
20.59274,80.39135,311.09,0.38,0.36,2025-03-11,2016,N,VIIRS,n,2,297.74,2.44,N,0,2
30.91291,78.68995,340.35,0.41,0.37,2025-01-27,756,N,VIIRS,n,2,291.42,6.47,D,0,2
27.05115,94.22993,339.31,0.4,0.44,2025-01-21,627,N,VIIRS,n,2,296.25,3.0,D,0,2
28.83603,77.13943,299.93,0.46,0.47,2025-03-06,2008,N,VIIRS,n,2,281.94,0.65,N,0,11
13.24933,75.91405,336.3,0.39,0.36,2025-01-31,817,N,VIIRS,l,2,309.09,2.47,D,0,1
24.9302,93.57652,339.78,0.5,0.49,2025-03-26,626,N,VIIRS,n,2,298.83,4.69,D,0,3
16.27259,75.42703,344.27,0.41,0.37,2025-02-06,805,N,VIIRS,n,2,311.72,12.93,D,0,1
23.16971,82.34402,305.54,0.46,0.39,2025-02-08,1957,N,VIIRS,n,2,287.38,1.23,N,2,394
23.72547,83.19324,341.54,0.47,0.48,2025-03-29,710,N,VIIRS,n,2,309.5,4.66,D,0,1
17.21274,78.21239,330.24,0.5,0.66,2025-02-14,715,N,VIIRS,l,2,304.71,3.11,D,0,2
19.55072,84.02883,308.29,0.39,0.36,2025-03-12,1958,N,VIIRS,n,2,296.04,2.01,N,0,1
21.03901,80.41115,350.57,0.51,0.49,2025-03-04,819,N,VIIRS,n,2,309.87,7.68,D,0,2
23.78173,86.39101,319.82,0.52,0.5,2025-03-03,1925,N,VIIRS,n,2,299.61,3.87,N,2,400
23.6824,86.0919,298.8,0.42,0.61,2025-02-05,1913,N,VIIRS,n,2,288.78,2.39,N,2,228
21.92463,83.35271,304.78,0.47,0.48,2025-01-24,1939,N,VIIRS,n,2,292.72,2.48,N,2,390
22.1848,83.16045,337.29,0.49,0.4,2025-03-16,753,N,VIIRS,n,2,304.41,5.22,D,0,2
22.30412,92.5929,367.0,0.38,0.59,2025-03-22,740,N,VIIRS,h,2,299.86,6.92,D,0,2
21.87815,83.49757,305.86,0.43,0.46,2025-02-01,2029,N,VIIRS,n,2,292.67,1.75,N,2,38
23.7807,86.34661,333.5,0.41,0.37,2025-01-12,2003,N,VIIRS,n,2,292.02,2.27,N,2,199
19.10162,82.16806,306.56,0.49,0.4,2025-01-27,2023,N,VIIRS,n,2,290.94,1.85,N,2,164
20.88816,84.98228,308.77,0.54,0.51,2025-03-05,2029,N,VIIRS,n,2,293.9,2.9,N,2,119
18.10451,80.02119,343.24,0.41,0.37,2025-02-23,747,N,VIIRS,n,2,312.75,3.96,D,0,2
25.00623,81.26158,349.73,0.5,0.49,2025-03-31,813,N,VIIRS,n,2,314.67,9.49,D,0,3
22.37595,87.28034,313.66,0.43,0.46,2025-01-30,1926,N,VIIRS,n,2,293.72,1.54,N,2,279
19.17397,73.35892,342.17,0.58,0.52,2025-02-23,747,N,VIIRS,n,2,310.52,12.22,D,0,2
20.97845,85.13586,331.35,0.46,0.39,2025-03-02,1945,N,VIIRS,n,2,297.09,3.36,N,2,216
18.10419,73.29217,347.43,0.39,0.36,2025-02-16,818,N,VIIRS,n,2,315.14,10.09,D,0,2
22.38098,87.28239,301.74,0.55,0.68,2025-02-27,2041,N,VIIRS,n,2,289.84,0.95,N,2,279
18.96998,77.96764,336.96,0.43,0.38,2025-03-31,811,N,VIIRS,l,2,311.03,2.5,D,0,1
21.24783,79.2237,304.49,0.56,0.68,2025-03-08,1932,N,VIIRS,n,2,291.92,1.47,N,2,45
19.92715,80.03407,346.68,0.46,0.47,2025-03-20,818,N,VIIRS,n,2,304.49,6.04,D,0,1
19.11898,82.44077,341.12,0.42,0.38,2025-03-17,734,N,VIIRS,l,2,314.54,4.17,D,0,1
21.11246,82.11603,340.6,0.52,0.41,2025-02-01,800,N,VIIRS,n,2,307.11,9.07,D,0,2
22.25368,76.3222,349.26,0.58,0.69,2025-03-18,857,N,VIIRS,n,2,306.0,7.8,D,0,2
14.53304,77.88796,345.8,0.58,0.52,2025-03-19,835,N,VIIRS,n,2,312.44,14.67,D,0,1
25.71283,93.63054,331.48,0.5,0.41,2025-02-25,710,N,VIIRS,n,2,299.74,6.07,D,0,1
20.25916,84.56469,306.33,0.43,0.38,2025-03-06,2010,N,VIIRS,n,2,291.74,1.16,N,0,2
28.82839,77.15018,296.42,0.39,0.36,2025-02-11,2040,N,VIIRS,n,2,284.7,0.52,N,0,3
19.35519,82.69735,340.84,0.44,0.38,2025-03-16,753,N,VIIRS,n,2,310.89,3.29,D,0,1
19.55185,81.72938,333.91,0.41,0.37,2025-02-28,753,N,VIIRS,l,2,308.4,4.18,D,0,1
23.78834,86.37141,311.86,0.41,0.37,2025-01-28,2003,N,VIIRS,n,2,289.54,1.34,N,2,55
18.93058,73.78484,367.0,0.47,0.64,2025-03-07,902,N,VIIRS,h,2,316.2,26.77,D,0,2
22.04412,83.73415,334.35,0.4,0.37,2025-02-02,2010,N,VIIRS,n,2,297.39,8.14,N,2,440
20.96969,85.17416,312.59,0.45,0.47,2025-01-27,2023,N,VIIRS,n,2,292.48,1.32,N,2,273
21.77658,79.4932,353.71,0.36,0.57,2025-03-14,831,N,VIIRS,n,2,310.9,3.89,D,0,2
22.94152,81.78658,335.66,0.48,0.4,2025-03-28,728,N,VIIRS,l,2,309.62,1.72,D,0,2
26.92587,73.46725,296.41,0.41,0.37,2025-01-26,2040,N,VIIRS,n,2,279.66,0.67,N,2,26
24.7656,74.6089,305.28,0.56,0.43,2025-02-12,2022,N,VIIRS,n,2,290.91,2.48,N,2,15
24.59141,75.37344,367.0,0.35,0.57,2025-03-28,729,N,VIIRS,h,2,319.6,11.86,D,0,1
25.22967,93.96441,352.53,0.46,0.47,2025-03-10,626,N,VIIRS,n,2,296.87,7.68,D,0,1
20.21212,84.62698,304.36,0.41,0.37,2025-03-07,1951,N,VIIRS,n,2,293.07,0.76,N,0,1
17.58643,80.31911,300.57,0.5,0.41,2025-01-16,2030,N,VIIRS,n,2,290.43,1.09,N,0,10
19.48421,78.22117,339.91,0.41,0.37,2025-03-16,753,N,VIIRS,l,2,313.91,1.75,D,0,1
19.17662,80.63806,349.3,0.39,0.36,2025-03-27,746,N,VIIRS,n,2,311.23,4.89,D,0,2
25.74428,91.65965,353.92,0.48,0.4,2025-03-02,717,N,VIIRS,n,2,303.72,7.38,D,0,1
21.80285,82.04095,304.49,0.45,0.39,2025-01-11,2022,N,VIIRS,n,2,288.08,0.85,N,0,40
23.76148,92.05869,335.11,0.41,0.37,2025-03-29,709,N,VIIRS,n,2,301.7,3.27,D,0,3
21.50224,86.68924,335.93,0.49,0.4,2025-03-13,709,N,VIIRS,n,2,305.42,4.2,D,0,1
21.04115,82.7857,345.5,0.45,0.39,2025-03-12,728,N,VIIRS,n,2,317.63,7.68,D,0,2
22.26465,75.13197,301.2,0.49,0.4,2025-02-21,2054,N,VIIRS,n,2,288.01,1.38,N,2,37
20.39059,75.03531,338.48,0.4,0.37,2025-02-22,806,N,VIIRS,l,2,312.45,5.39,D,0,4
27.60675,93.02042,344.78,0.48,0.48,2025-03-26,626,N,VIIRS,n,2,297.07,6.47,D,0,3
16.31147,79.05591,343.45,0.58,0.52,2025-02-24,727,N,VIIRS,n,2,308.68,4.54,D,0,1
18.01419,80.19444,308.25,0.39,0.36,2025-02-23,2017,N,VIIRS,n,2,290.28,0.66,N,0,2
22.2522,77.03032,299.05,0.63,0.72,2025-03-29,1938,N,VIIRS,n,2,287.2,1.49,N,0,2
21.06182,80.29878,339.67,0.39,0.36,2025-02-28,754,N,VIIRS,n,2,299.06,2.66,D,0,1
20.96278,85.19286,305.65,0.4,0.37,2025-02-13,2004,N,VIIRS,n,2,294.82,1.14,N,0,86
20.09627,78.39506,312.99,0.48,0.48,2025-03-12,1958,N,VIIRS,n,2,295.26,1.78,N,0,1
23.75841,86.40003,328.82,0.52,0.42,2025-03-29,1937,N,VIIRS,n,2,299.07,3.46,N,2,481
21.95759,82.24854,336.33,0.4,0.37,2025-01-22,748,N,VIIRS,l,2,308.54,6.58,D,0,2
29.88649,80.14777,350.37,0.48,0.64,2025-03-30,833,N,VIIRS,n,2,302.4,5.4,D,0,1
12.25974,76.83582,341.69,0.46,0.47,2025-02-23,745,N,VIIRS,n,2,306.75,6.43,D,0,2
23.66396,87.1554,309.26,0.39,0.36,2025-03-07,1950,N,VIIRS,n,2,290.16,2.02,N,0,91
24.76844,86.49374,348.57,0.46,0.39,2025-03-29,710,N,VIIRS,n,2,318.11,5.77,D,0,1
20.78611,85.26659,326.49,0.41,0.37,2025-01-28,2004,N,VIIRS,n,2,293.46,1.47,N,2,91
23.29448,92.42867,330.79,0.49,0.4,2025-03-09,644,N,VIIRS,l,2,305.08,3.0,D,0,4
23.74289,85.50584,296.94,0.44,0.38,2025-01-17,2009,N,VIIRS,n,2,282.8,0.48,N,2,34
29.39166,77.9031,335.34,0.43,0.38,2025-03-22,743,N,VIIRS,n,2,303.94,2.58,D,0,1
24.56577,81.00165,301.39,0.38,0.36,2025-02-07,2016,N,VIIRS,n,2,287.61,1.27,N,2,14
24.48713,84.422,343.56,0.37,0.58,2025-03-30,651,N,VIIRS,n,2,310.92,4.63,D,0,2
22.3767,87.27786,317.76,0.57,0.69,2025-03-31,1900,N,VIIRS,n,2,293.02,3.45,N,2,279
21.36381,81.65221,306.47,0.39,0.36,2025-01-01,2010,N,VIIRS,n,2,291.15,0.88,N,2,18
22.36686,87.01797,323.77,0.37,0.58,2025-03-25,1912,N,VIIRS,n,2,297.94,1.93,N,2,94
18.88695,78.67989,340.92,0.55,0.51,2025-02-24,728,N,VIIRS,n,2,304.36,10.23,D,0,1
22.14474,87.35831,329.55,0.41,0.37,2025-01-07,728,N,VIIRS,n,2,301.15,1.36,D,0,1
21.37291,81.64061,304.97,0.63,0.72,2025-03-30,1919,N,VIIRS,n,2,294.07,3.37,N,0,21
23.68381,86.39454,342.57,0.53,0.5,2025-02-12,754,N,VIIRS,n,2,311.86,10.07,D,2,251
22.11445,82.42381,340.19,0.45,0.47,2025-01-05,806,N,VIIRS,n,2,302.08,4.34,D,0,1
16.52574,74.41718,299.77,0.45,0.39,2025-01-15,2049,N,VIIRS,n,2,276.49,0.76,N,0,2
28.43977,80.89216,337.79,0.52,0.5,2025-03-29,711,N,VIIRS,n,2,306.18,9.97,D,0,2
13.3114,79.34589,334.92,0.66,0.73,2025-03-29,707,N,VIIRS,n,2,305.09,4.9,D,0,1
22.9113,77.64436,305.63,0.41,0.37,2025-03-16,2022,N,VIIRS,n,2,293.46,1.53,N,0,2
17.26875,77.97929,341.02,0.51,0.5,2025-03-01,734,N,VIIRS,l,2,313.27,9.36,D,0,3
27.66969,76.13096,301.59,0.38,0.36,2025-01-10,2040,N,VIIRS,n,2,284.0,1.18,N,2,65
24.20833,82.71217,306.27,0.4,0.37,2025-02-13,2003,N,VIIRS,n,2,289.66,1.34,N,2,79
21.24276,81.10105,341.1,0.38,0.36,2025-03-27,747,N,VIIRS,l,2,315.22,3.84,D,0,1
19.92949,80.34681,335.88,0.39,0.36,2025-03-16,753,N,VIIRS,l,2,310.26,2.49,D,0,2
21.49478,73.95875,299.7,0.54,0.51,2025-02-04,2113,N,VIIRS,n,2,288.73,0.93,N,0,1
16.91163,78.86533,330.18,0.37,0.58,2025-03-03,836,N,VIIRS,l,2,304.47,2.23,D,0,1
23.79499,86.35072,312.51,0.41,0.37,2025-03-17,2003,N,VIIRS,n,2,295.72,3.01,N,2,95
22.13313,85.38409,304.51,0.38,0.36,2025-01-23,1957,N,VIIRS,n,2,288.4,0.73,N,2,52
31.24961,76.93025,299.89,0.4,0.37,2025-01-21,2033,N,VIIRS,n,2,279.85,0.61,N,2,16
24.13131,87.83757,332.78,0.4,0.37,2025-02-03,723,N,VIIRS,n,2,301.78,1.91,D,0,1
23.75638,91.81266,336.81,0.45,0.39,2025-03-30,651,N,VIIRS,n,2,304.5,4.27,D,0,1
22.73197,77.55889,304.48,0.59,0.7,2025-03-29,1938,N,VIIRS,n,2,289.0,4.56,N,0,4
21.92373,83.35204,336.28,0.42,0.37,2025-02-08,729,N,VIIRS,l,2,309.67,6.21,D,2,390
18.80355,74.26096,298.74,0.5,0.49,2025-01-14,2108,N,VIIRS,n,2,288.16,0.54,N,2,17
23.72192,86.44888,308.23,0.43,0.38,2025-01-29,1944,N,VIIRS,n,2,296.64,1.88,N,2,35
24.11927,86.85854,300.71,0.61,0.53,2025-02-10,1919,N,VIIRS,n,2,288.76,1.67,N,2,132
20.96256,85.17459,336.58,0.43,0.38,2025-02-02,741,N,VIIRS,n,2,304.77,3.58,D,2,176
21.91902,83.35298,314.97,0.41,0.61,2025-01-31,2048,N,VIIRS,n,2,293.34,2.13,N,2,390
18.01796,73.31421,342.38,0.42,0.45,2025-03-08,843,N,VIIRS,n,2,310.71,7.61,D,0,10
14.02539,76.71556,347.95,0.53,0.42,2025-02-12,752,N,VIIRS,n,2,314.61,8.43,D,0,1
19.66044,80.38328,338.81,0.39,0.37,2025-03-27,746,N,VIIRS,n,2,309.99,1.85,D,0,2
23.74841,86.42159,303.12,0.41,0.37,2025-02-13,2003,N,VIIRS,n,2,292.91,1.39,N,2,133
21.58796,74.78074,348.75,0.41,0.37,2025-03-04,819,N,VIIRS,n,2,316.99,8.53,D,0,1
23.7796,86.21033,342.44,0.41,0.45,2025-03-11,748,N,VIIRS,l,2,314.05,8.98,D,2,324
13.50244,78.81164,339.73,0.49,0.4,2025-03-20,816,N,VIIRS,l,2,314.36,8.02,D,0,1
14.30468,76.39085,342.24,0.58,0.52,2025-03-24,842,N,VIIRS,n,2,308.19,5.93,D,0,2
22.79847,86.09061,306.05,0.69,0.74,2025-03-25,2053,N,VIIRS,n,2,292.06,1.58,N,2,166
21.73254,83.98672,304.57,0.46,0.39,2025-02-23,2016,N,VIIRS,n,2,292.58,1.6,N,2,25
22.05715,80.31969,349.67,0.5,0.41,2025-03-26,806,N,VIIRS,n,2,311.99,10.78,D,0,1
21.30264,76.64004,336.63,0.44,0.38,2025-03-16,753,N,VIIRS,l,2,310.17,5.84,D,0,3
18.99223,80.06177,344.58,0.45,0.47,2025-03-12,728,N,VIIRS,n,2,307.63,3.56,D,0,2
19.38138,81.30396,307.4,0.42,0.37,2025-03-17,2004,N,VIIRS,n,2,290.74,0.86,N,0,1
18.24788,80.47182,341.75,0.37,0.58,2025-03-30,830,N,VIIRS,n,2,301.15,3.15,D,0,1
23.68761,86.39222,314.58,0.39,0.36,2025-02-19,1950,N,VIIRS,n,2,293.85,1.8,N,2,235
23.39755,93.23991,302.48,0.5,0.49,2025-03-12,1956,N,VIIRS,n,2,286.81,1.17,N,0,10
21.37911,81.68262,308.56,0.52,0.41,2025-02-01,2029,N,VIIRS,n,2,294.44,1.45,N,2,107
20.16395,81.60934,303.22,0.43,0.62,2025-03-09,2054,N,VIIRS,n,2,292.04,0.88,N,0,1
25.76136,91.01768,343.96,0.54,0.51,2025-03-17,735,N,VIIRS,n,2,301.71,10.61,D,0,2
22.36002,82.30623,307.03,0.66,0.73,2025-03-19,2106,N,VIIRS,n,2,289.1,1.68,N,0,56
21.40776,84.0135,333.76,0.56,0.52,2025-01-03,703,N,VIIRS,n,2,303.21,4.29,D,0,1
21.23011,77.39491,334.52,0.47,0.48,2025-01-28,735,N,VIIRS,n,2,306.58,3.23,D,0,1
29.96035,79.73969,326.43,0.39,0.36,2025-01-22,750,N,VIIRS,n,2,295.94,2.75,D,0,1
23.94575,78.42971,311.73,0.56,0.43,2025-03-04,2047,N,VIIRS,n,2,284.88,2.47,N,0,1
22.98666,72.58717,308.45,0.47,0.64,2025-01-12,2004,N,VIIRS,n,2,287.19,0.57,N,2,15
20.86359,84.99187,307.85,0.39,0.37,2025-03-17,2003,N,VIIRS,n,2,290.61,2.7,N,2,32
23.42034,82.28455,310.44,0.43,0.38,2025-03-16,2022,N,VIIRS,n,2,291.1,1.06,N,0,1
19.58314,83.99566,330.91,0.5,0.49,2025-03-13,709,N,VIIRS,l,2,304.28,3.04,D,0,4
23.77911,86.3895,333.34,0.42,0.45,2025-03-08,1931,N,VIIRS,n,2,298.31,1.75,N,2,400
21.76903,84.02003,312.07,0.58,0.52,2025-01-05,2035,N,VIIRS,n,2,291.03,3.06,N,2,248
22.37579,87.28101,313.68,0.54,0.42,2025-03-06,2009,N,VIIRS,n,2,291.87,1.63,N,2,279
28.06981,77.8588,301.2,0.43,0.46,2025-03-30,2058,N,VIIRS,n,2,285.75,0.48,N,2,7
21.92101,83.34735,304.54,0.39,0.36,2025-01-01,2010,N,VIIRS,n,2,289.3,2.34,N,2,390
14.3849,75.56483,344.4,0.41,0.45,2025-02-12,752,N,VIIRS,n,2,310.56,4.07,D,0,1
21.73244,83.82075,299.81,0.38,0.36,2025-01-28,2004,N,VIIRS,n,2,286.05,0.92,N,0,51
18.00214,80.32726,330.58,0.46,0.63,2025-03-13,709,N,VIIRS,l,2,303.25,3.15,D,0,2
21.82884,86.89973,302.52,0.53,0.42,2025-03-06,2010,N,VIIRS,n,2,288.08,1.64,N,0,2
20.88907,84.98221,305.11,0.52,0.42,2025-03-11,2016,N,VIIRS,n,2,293.39,1.09,N,2,119
20.46616,76.04887,334.81,0.39,0.59,2025-03-28,728,N,VIIRS,l,2,305.94,2.18,D,0,2
18.0479,82.17543,357.05,0.45,0.63,2025-03-24,702,N,VIIRS,l,2,289.27,9.31,D,0,5
23.82992,84.932,321.93,0.39,0.36,2025-01-23,1957,N,VIIRS,n,2,288.97,2.15,N,0,162
23.80379,86.33132,332.08,0.56,0.43,2025-02-20,704,N,VIIRS,n,2,302.64,4.23,D,2,144
23.67144,85.33307,338.22,0.53,0.42,2025-03-13,710,N,VIIRS,n,2,312.02,2.96,D,0,2
24.5618,94.46656,349.84,0.34,0.56,2025-03-16,613,N,VIIRS,n,2,300.38,2.93,D,0,2
23.66399,87.15863,332.29,0.33,0.55,2025-03-25,644,N,VIIRS,l,2,304.92,2.47,D,0,91
17.29968,77.43379,308.35,0.4,0.6,2025-02-14,1946,N,VIIRS,n,2,289.69,8.94,N,0,1
24.56507,81.00268,307.82,0.39,0.36,2025-03-16,2021,N,VIIRS,n,2,294.69,1.31,N,2,14
23.7343,82.99699,330.87,0.63,0.54,2025-03-15,813,N,VIIRS,l,2,305.08,7.53,D,0,1
25.44354,91.81631,298.81,0.69,0.74,2025-03-26,2033,N,VIIRS,n,2,280.25,0.85,N,0,1
23.68021,86.38996,313.32,0.44,0.38,2025-03-18,1944,N,VIIRS,n,2,292.86,1.58,N,2,251
24.45238,92.68807,346.65,0.42,0.45,2025-03-23,722,N,VIIRS,n,2,301.62,6.18,D,0,1
14.8946,75.9761,345.08,0.38,0.36,2025-01-26,811,N,VIIRS,n,2,311.52,4.19,D,0,1
22.07968,79.87054,342.95,0.6,0.53,2025-03-25,825,N,VIIRS,n,2,314.41,9.22,D,0,1
20.3295,80.14503,303.66,0.44,0.38,2025-03-21,2029,N,VIIRS,n,2,293.01,0.82,N,0,2
17.46327,80.65279,304.94,0.49,0.49,2025-02-14,1946,N,VIIRS,n,2,294.37,0.94,N,0,17
19.70954,72.8525,348.54,0.39,0.44,2025-02-17,800,N,VIIRS,n,2,311.02,5.31,D,0,3
21.61089,76.73053,345.51,0.39,0.36,2025-03-21,800,N,VIIRS,l,2,317.58,12.47,D,0,3
20.96986,85.16785,301.06,0.45,0.63,2025-01-04,1913,N,VIIRS,n,2,286.83,0.95,N,2,273
19.10497,77.41598,339.65,0.41,0.37,2025-03-31,812,N,VIIRS,l,2,314.51,2.62,D,0,1
23.68199,86.09306,327.51,0.45,0.39,2025-03-02,1944,N,VIIRS,n,2,293.93,2.2,N,2,228
17.70031,80.88739,357.1,0.41,0.6,2025-02-10,830,N,VIIRS,n,2,305.39,8.62,D,0,1
20.97252,85.17572,307.59,0.35,0.57,2025-01-05,2035,N,VIIRS,n,2,290.29,1.79,N,2,101
20.86757,84.98994,301.93,0.44,0.46,2025-01-27,2023,N,VIIRS,n,2,289.95,1.27,N,2,111
20.98022,85.13132,304.78,0.44,0.46,2025-02-28,2022,N,VIIRS,n,2,287.07,2.15,N,2,201
23.6688,86.0937,301.71,0.53,0.42,2025-02-25,1938,N,VIIRS,n,2,288.25,1.12,N,2,85
23.8018,86.33208,318.13,0.39,0.36,2025-02-24,1957,N,VIIRS,n,2,290.5,1.18,N,2,144
17.49592,79.30823,346.95,0.44,0.38,2025-03-11,746,N,VIIRS,n,2,310.14,5.83,D,0,1
22.58449,76.0758,341.65,0.44,0.62,2025-03-29,850,N,VIIRS,l,2,312.45,5.28,D,0,1
21.04787,81.56628,330.99,0.5,0.41,2025-01-07,728,N,VIIRS,n,2,301.09,3.01,D,0,1
21.76359,84.01919,306.96,0.52,0.42,2025-01-13,1945,N,VIIRS,n,2,289.59,2.39,N,2,252
13.12113,77.645,337.28,0.44,0.38,2025-01-31,817,N,VIIRS,n,2,306.86,3.35,D,0,1
25.73542,90.96439,302.62,0.41,0.37,2025-03-08,1931,N,VIIRS,n,2,284.14,0.55,N,0,2
25.16029,80.97422,341.56,0.48,0.65,2025-03-30,832,N,VIIRS,n,2,309.29,3.27,D,0,2
18.95646,73.19906,341.52,0.39,0.36,2025-02-21,825,N,VIIRS,l,2,315.24,4.09,D,0,2
16.05192,78.64092,346.2,0.39,0.36,2025-03-10,805,N,VIIRS,n,2,310.78,9.09,D,0,2
25.47651,91.13197,332.28,0.34,0.56,2025-03-26,626,N,VIIRS,n,2,300.58,3.0,D,0,1
21.77133,84.01831,303.32,0.71,0.75,2025-01-09,2100,N,VIIRS,n,2,287.7,2.25,N,2,248
18.89394,83.41103,338.91,0.41,0.37,2025-03-11,746,N,VIIRS,l,2,310.32,5.57,D,0,3
21.36446,81.68001,303.94,0.39,0.36,2025-02-23,2016,N,VIIRS,n,2,293.08,1.54,N,2,26
24.15616,82.56477,301.29,0.59,0.7,2025-03-30,1918,N,VIIRS,n,2,291.14,1.13,N,0,42
21.58579,77.42065,350.63,0.39,0.36,2025-03-26,806,N,VIIRS,n,2,316.11,6.27,D,0,4
22.11229,86.9974,339.72,0.43,0.46,2025-03-11,747,N,VIIRS,n,2,307.82,3.66,D,0,3
23.58333,73.90559,339.53,0.4,0.37,2025-02-06,807,N,VIIRS,n,2,306.93,3.39,D,0,1
23.66331,84.9976,301.3,0.49,0.65,2025-01-04,1913,N,VIIRS,n,2,283.64,1.2,N,2,41
21.91078,86.98435,340.33,0.46,0.47,2025-03-03,657,N,VIIRS,n,2,302.63,9.41,D,0,3
20.96943,85.16886,306.79,0.45,0.63,2025-02-05,1914,N,VIIRS,n,2,292.18,2.61,N,2,273
17.95995,80.78111,305.63,0.43,0.62,2025-01-04,2055,N,VIIRS,n,2,291.32,1.53,N,0,45
24.08741,93.14721,327.12,0.56,0.68,2025-03-11,747,N,VIIRS,n,2,289.21,7.19,D,0,5
27.69918,94.99552,335.89,0.5,0.41,2025-03-24,704,N,VIIRS,n,2,301.43,7.05,D,0,2
22.82807,76.20554,302.64,0.42,0.61,2025-03-29,2118,N,VIIRS,n,2,289.08,1.0,N,0,1
23.76349,79.84333,367.0,0.39,0.6,2025-03-30,832,N,VIIRS,h,2,319.41,7.88,D,0,4
22.4107,77.36083,302.86,0.6,0.53,2025-03-28,1957,N,VIIRS,n,2,287.86,1.28,N,0,2
19.24616,78.72726,338.68,0.52,0.41,2025-02-18,741,N,VIIRS,n,2,304.95,3.29,D,0,7
19.96067,82.20641,335.83,0.49,0.65,2025-02-15,657,N,VIIRS,l,2,306.66,4.74,D,0,2
18.5375,78.49411,301.17,0.45,0.39,2025-03-06,2011,N,VIIRS,n,2,290.43,0.85,N,0,2
20.96844,85.15249,311.37,0.54,0.42,2025-01-08,1939,N,VIIRS,n,2,289.15,1.53,N,2,70
20.86509,84.99477,328.79,0.4,0.37,2025-01-02,1951,N,VIIRS,n,2,290.95,1.33,N,2,111
21.64829,72.12079,341.55,0.51,0.41,2025-03-26,806,N,VIIRS,n,2,311.22,1.89,D,0,2
23.74006,85.01054,307.77,0.4,0.44,2025-02-09,1938,N,VIIRS,n,2,290.82,2.47,N,2,201
24.46728,93.51409,342.88,0.49,0.65,2025-03-11,607,N,VIIRS,n,2,295.36,84.33,D,0,1
25.24237,93.05212,367.0,0.7,0.75,2025-03-16,754,N,VIIRS,h,2,295.58,39.93,D,0,2
27.29418,81.33139,297.84,0.47,0.64,2025-03-08,1930,N,VIIRS,n,2,285.93,0.53,N,0,1
29.86767,77.91748,328.11,0.39,0.36,2025-01-22,750,N,VIIRS,n,2,295.96,1.83,D,0,1
17.87115,80.78456,351.04,0.53,0.5,2025-03-07,721,N,VIIRS,n,2,308.36,6.76,D,0,3
23.44094,82.20737,348.72,0.4,0.37,2025-03-11,748,N,VIIRS,n,2,309.1,4.49,D,0,1
19.03387,80.29127,321.42,0.4,0.37,2025-03-06,2011,N,VIIRS,n,2,295.2,2.14,N,0,4
25.94406,92.05173,330.85,0.51,0.41,2025-01-29,717,N,VIIRS,n,2,291.46,4.53,D,0,2
29.20757,77.13925,329.31,0.52,0.5,2025-02-03,725,N,VIIRS,n,2,295.87,3.4,D,0,1
21.63986,78.60489,297.71,0.42,0.45,2025-02-16,2048,N,VIIRS,n,2,287.32,0.75,N,0,2
23.54886,87.24403,311.2,0.55,0.42,2025-01-19,1932,N,VIIRS,n,2,287.28,2.12,N,3,85
21.5058,83.86986,338.9,0.45,0.47,2025-01-08,710,N,VIIRS,n,2,298.42,9.42,D,0,1
22.32153,82.59509,338.58,0.56,0.43,2025-02-17,800,N,VIIRS,n,2,305.94,6.44,D,2,61
25.86915,93.49965,333.79,0.42,0.38,2025-03-25,645,N,VIIRS,n,2,304.48,2.52,D,0,1
24.69306,73.00397,302.64,0.4,0.6,2025-01-02,2131,N,VIIRS,n,2,292.6,0.74,N,2,39
25.22272,92.27762,339.74,0.58,0.52,2025-03-10,626,N,VIIRS,n,2,296.69,3.94,D,0,1
30.75027,78.52978,339.48,0.5,0.49,2025-02-14,719,N,VIIRS,n,2,291.82,3.56,D,0,1
16.04959,78.96554,311.42,0.41,0.37,2025-03-06,2011,N,VIIRS,n,2,292.75,1.72,N,0,1
23.78025,86.20966,304.19,0.47,0.4,2025-01-17,2009,N,VIIRS,n,2,279.15,2.2,N,2,324
15.27231,77.54664,338.87,0.38,0.36,2025-02-22,805,N,VIIRS,l,2,311.77,4.76,D,0,1
15.90618,78.91504,312.19,0.43,0.46,2025-03-15,2043,N,VIIRS,n,2,293.91,1.84,N,0,2
24.18463,82.66028,301.8,0.38,0.36,2025-02-02,2009,N,VIIRS,n,2,287.59,0.53,N,0,14
21.76509,84.02568,328.81,0.4,0.37,2025-02-24,1957,N,VIIRS,n,2,292.16,1.68,N,2,10
22.72826,79.13332,344.79,0.53,0.42,2025-03-31,812,N,VIIRS,n,2,313.98,5.4,D,0,1
25.34984,93.27588,347.19,0.39,0.36,2025-03-19,657,N,VIIRS,n,2,304.88,5.17,D,0,2
25.70158,94.68923,341.61,0.39,0.36,2025-03-25,645,N,VIIRS,n,2,308.9,3.54,D,0,1
22.04169,83.7275,319.98,0.55,0.51,2025-01-21,2035,N,VIIRS,n,2,288.48,4.62,N,2,440
20.78545,85.25799,308.71,0.36,0.57,2025-02-26,1920,N,VIIRS,n,2,292.0,1.36,N,2,248
12.7185,76.57492,339.64,0.4,0.37,2025-01-31,817,N,VIIRS,n,2,307.51,4.06,D,0,1
21.3599,75.60942,302.03,0.38,0.36,2025-03-10,2035,N,VIIRS,n,2,291.45,0.51,N,0,1
21.67871,84.03944,346.09,0.4,0.37,2025-03-06,741,N,VIIRS,n,2,317.45,4.3,D,2,262
20.96627,85.19133,311.27,0.45,0.47,2025-01-27,2023,N,VIIRS,n,2,291.32,1.17,N,2,15
12.87862,79.22144,330.76,0.41,0.45,2025-03-06,739,N,VIIRS,l,2,302.76,4.56,D,0,2
20.99986,86.02474,307.0,0.39,0.36,2025-02-03,1951,N,VIIRS,n,2,293.01,0.86,N,0,35
21.7355,76.83987,337.61,0.39,0.36,2025-02-17,800,N,VIIRS,l,2,309.75,2.36,D,0,1
12.70653,76.36388,338.33,0.41,0.37,2025-02-06,804,N,VIIRS,n,2,309.89,4.45,D,0,2
25.53105,92.74458,336.45,0.38,0.36,2025-02-15,658,N,VIIRS,n,2,295.04,3.9,D,0,1
23.73755,85.01375,333.41,0.43,0.38,2025-03-07,1950,N,VIIRS,n,2,294.58,4.83,N,2,201
18.24915,80.29399,347.16,0.37,0.58,2025-03-14,830,N,VIIRS,n,2,305.18,2.87,D,0,3
14.48248,76.07754,347.64,0.4,0.37,2025-02-16,817,N,VIIRS,n,2,314.29,7.5,D,0,1
22.64756,92.95898,305.94,0.42,0.38,2025-03-13,1938,N,VIIRS,n,2,292.49,0.77,N,0,1
21.85819,83.9661,300.41,0.35,0.57,2025-02-15,1926,N,VIIRS,n,2,290.41,0.66,N,2,50
21.83171,84.92876,299.59,0.33,0.55,2025-01-21,2035,N,VIIRS,n,2,287.14,0.53,N,0,10
29.45686,76.86726,298.63,0.42,0.61,2025-03-02,2123,N,VIIRS,n,2,285.57,0.81,N,2,23
12.30533,77.49908,367.0,0.55,0.68,2025-02-14,854,N,VIIRS,h,2,308.91,21.09,D,0,1
21.82911,82.85299,338.39,0.51,0.41,2025-01-02,722,N,VIIRS,n,2,305.71,5.64,D,0,4
13.95305,77.97686,338.15,0.46,0.47,2025-02-18,739,N,VIIRS,l,2,311.24,3.72,D,0,2
20.76145,85.29913,302.56,0.44,0.39,2025-01-13,1945,N,VIIRS,n,2,290.21,1.0,N,0,83
19.38534,73.66767,313.17,0.46,0.63,2025-01-07,1958,N,VIIRS,n,2,292.76,1.14,N,0,1
13.61476,77.42556,345.1,0.43,0.38,2025-02-16,817,N,VIIRS,n,2,317.07,5.38,D,0,1
21.88065,73.25137,341.15,0.4,0.37,2025-03-15,813,N,VIIRS,l,2,314.72,3.9,D,0,1
23.72138,92.54179,344.25,0.39,0.36,2025-03-08,703,N,VIIRS,n,2,297.74,5.12,D,0,2
19.01902,80.01994,305.67,0.45,0.63,2025-03-14,2101,N,VIIRS,n,2,295.36,0.97,N,0,2
19.10525,80.09353,351.32,0.54,0.42,2025-03-31,811,N,VIIRS,n,2,312.38,6.31,D,0,1
22.35148,82.29204,300.21,0.4,0.37,2025-01-06,2016,N,VIIRS,n,2,286.46,4.43,N,0,101
23.29909,93.05711,330.05,0.68,0.74,2025-03-06,601,N,VIIRS,n,2,286.57,14.73,D,0,7
19.74352,82.35381,339.53,0.53,0.67,2025-02-26,831,N,VIIRS,n,2,302.43,5.52,D,0,1
23.66721,86.09235,306.64,0.4,0.37,2025-02-19,1950,N,VIIRS,n,2,289.9,1.13,N,2,85
22.68487,85.29348,334.99,0.43,0.46,2025-03-16,753,N,VIIRS,n,2,305.2,3.38,D,0,1
21.24498,79.22494,302.01,0.38,0.36,2025-01-11,2023,N,VIIRS,n,2,279.18,1.26,N,2,15
31.18741,75.05059,331.19,0.4,0.37,2025-02-12,757,N,VIIRS,n,2,293.83,2.04,D,0,1
22.60081,76.1024,337.65,0.56,0.52,2025-03-19,838,N,VIIRS,l,2,312.1,4.24,D,0,2
15.17178,76.37817,303.73,0.45,0.63,2025-03-02,1947,N,VIIRS,n,2,290.61,2.29,N,2,115
22.38248,75.85555,342.1,0.46,0.47,2025-03-22,741,N,VIIRS,l,2,313.5,6.06,D,0,2
23.80686,78.57184,338.29,0.33,0.55,2025-03-30,832,N,VIIRS,l,2,312.71,2.83,D,0,2
13.21072,77.52457,334.02,0.32,0.55,2025-02-13,733,N,VIIRS,l,2,306.15,2.2,D,0,2
25.87033,91.57294,311.91,0.4,0.37,2025-03-18,1943,N,VIIRS,n,2,292.29,1.03,N,0,3
20.69889,78.6357,315.73,0.44,0.38,2025-03-26,2035,N,VIIRS,n,2,296.98,3.04,N,2,21
23.68973,87.10136,304.14,0.38,0.36,2025-01-18,1950,N,VIIRS,n,2,288.75,0.97,N,2,127
21.43143,84.74744,307.87,0.4,0.6,2025-03-14,1919,N,VIIRS,n,2,295.49,1.1,N,0,2
15.17028,76.66578,343.71,0.4,0.44,2025-02-26,830,N,VIIRS,n,2,312.36,5.72,D,2,76
22.00313,82.6694,318.69,0.39,0.36,2025-02-13,2004,N,VIIRS,n,2,293.46,2.18,N,2,119
15.40864,78.81759,332.3,0.49,0.49,2025-03-01,733,N,VIIRS,l,2,304.12,3.15,D,0,2
21.17947,81.3855,303.79,0.5,0.49,2025-02-27,2041,N,VIIRS,n,2,293.41,2.33,N,3,71
21.97101,76.27497,345.07,0.4,0.37,2025-03-21,800,N,VIIRS,l,2,317.99,8.39,D,0,3
20.64531,84.1699,303.39,0.42,0.37,2025-03-06,2010,N,VIIRS,n,2,292.46,1.26,N,0,2
23.67966,86.39461,301.89,0.41,0.45,2025-01-19,1932,N,VIIRS,n,2,288.25,1.07,N,2,251
10.01365,77.27737,306.76,0.41,0.45,2025-02-24,2001,N,VIIRS,n,2,289.65,0.68,N,0,2
21.31171,81.59029,302.6,0.51,0.41,2025-02-17,2029,N,VIIRS,n,2,291.41,0.95,N,2,68
25.13017,93.86598,339.07,0.39,0.36,2025-01-14,658,N,VIIRS,n,2,296.73,9.75,D,0,42
21.85937,83.96654,306.27,0.34,0.56,2025-03-31,2041,N,VIIRS,n,2,294.65,1.42,N,2,50
26.75881,83.19956,295.4,0.55,0.51,2025-01-24,1937,N,VIIRS,n,2,285.28,1.46,N,2,90
25.05064,93.34303,367.0,0.5,0.49,2025-03-10,626,N,VIIRS,l,2,363.17,263.89,D,0,12
21.7565,83.84236,317.85,0.56,0.69,2025-02-21,1913,N,VIIRS,n,2,290.2,2.71,N,2,171
23.63904,92.08977,345.37,0.56,0.43,2025-03-23,722,N,VIIRS,n,2,302.03,26.37,D,0,3
20.34008,75.08071,343.86,0.55,0.42,2025-03-30,831,N,VIIRS,n,2,307.76,5.16,D,0,1
22.35499,78.19474,343.74,0.44,0.38,2025-03-27,747,N,VIIRS,l,2,314.74,8.27,D,0,2
11.83654,76.44091,336.82,0.41,0.37,2025-01-21,804,N,VIIRS,l,2,311.17,5.0,D,0,1
13.21286,78.80538,354.77,0.39,0.36,2025-03-26,803,N,VIIRS,n,2,314.29,8.17,D,0,2
19.76722,82.65771,351.73,0.52,0.41,2025-03-21,759,N,VIIRS,n,2,313.39,12.59,D,0,1
18.73671,80.67221,345.63,0.41,0.37,2025-03-21,759,N,VIIRS,n,2,305.38,4.72,D,0,4
20.95388,84.82353,307.11,0.41,0.61,2025-03-15,2041,N,VIIRS,n,2,290.96,1.33,N,0,2
12.73151,77.79354,367.0,0.35,0.57,2025-03-08,841,N,VIIRS,h,2,308.03,10.14,D,0,1
13.97276,78.31816,331.72,0.39,0.36,2025-02-06,804,N,VIIRS,l,2,306.45,2.04,D,0,2
21.78981,82.59624,356.15,0.4,0.37,2025-01-28,735,N,VIIRS,n,2,310.64,14.77,D,0,1
22.3348,82.57314,312.02,0.4,0.37,2025-03-01,2003,N,VIIRS,n,2,293.47,1.25,N,0,12
20.86931,80.38725,337.06,0.39,0.36,2025-02-23,747,N,VIIRS,l,2,311.72,2.8,D,0,1
21.70348,76.86878,348.1,0.48,0.48,2025-03-30,831,N,VIIRS,n,2,313.14,8.0,D,0,2
23.67805,86.08685,335.33,0.4,0.37,2025-02-03,1951,N,VIIRS,n,2,292.43,3.8,N,2,228
15.1847,76.64072,339.14,0.39,0.36,2025-02-11,811,N,VIIRS,n,2,311.66,2.5,D,2,17
26.87728,83.81718,325.19,0.5,0.66,2025-01-31,820,N,VIIRS,n,2,293.69,1.27,D,0,1
23.67286,86.39644,302.1,0.39,0.36,2025-02-08,1957,N,VIIRS,n,2,287.54,1.11,N,2,31
23.25382,87.32491,335.7,0.52,0.5,2025-03-14,651,N,VIIRS,n,2,305.67,4.26,D,0,1
21.56907,80.88937,303.26,0.55,0.51,2025-03-18,1944,N,VIIRS,n,2,292.05,1.23,N,0,1
18.85085,77.38943,332.53,0.42,0.38,2025-02-22,2036,N,VIIRS,n,2,294.57,2.24,N,0,4
28.04943,79.90873,339.09,0.58,0.52,2025-01-24,712,N,VIIRS,n,2,296.66,7.38,D,0,2
20.55997,79.13394,338.3,0.38,0.59,2025-03-18,715,N,VIIRS,l,2,312.51,2.07,D,0,1
27.99307,79.83738,326.3,0.39,0.36,2025-01-17,743,N,VIIRS,n,2,296.25,1.9,D,0,1
22.98716,77.85732,330.45,0.37,0.58,2025-03-19,838,N,VIIRS,l,2,303.96,5.45,D,0,1
26.16,93.65834,341.73,0.39,0.36,2025-03-19,657,N,VIIRS,n,2,302.14,7.91,D,0,2
19.25753,73.647,340.09,0.46,0.39,2025-02-26,831,N,VIIRS,l,2,312.46,6.52,D,0,1
31.3813,77.73667,331.15,0.41,0.37,2025-02-18,744,N,VIIRS,n,2,299.42,3.74,D,0,1
15.17777,76.65553,318.5,0.43,0.38,2025-02-06,2037,N,VIIRS,n,2,298.24,2.39,N,2,187
22.35162,82.29289,342.43,0.44,0.46,2025-03-02,716,N,VIIRS,n,2,308.01,5.9,D,2,101
18.19239,80.30086,311.5,0.52,0.42,2025-03-12,1958,N,VIIRS,n,2,297.65,3.34,N,0,2
22.85624,86.05685,300.46,0.45,0.63,2025-02-27,2041,N,VIIRS,n,2,288.27,0.69,N,2,45
22.03867,83.35159,329.48,0.42,0.37,2025-02-24,1957,N,VIIRS,n,2,295.07,3.11,N,2,199
17.94108,82.45182,333.31,0.42,0.38,2025-02-28,753,N,VIIRS,l,2,307.44,1.03,D,0,1
20.11692,77.54707,300.08,0.6,0.53,2025-02-26,2101,N,VIIRS,n,2,289.91,0.99,N,0,1
20.92499,86.04249,304.1,0.41,0.6,2025-03-09,1913,N,VIIRS,n,2,292.6,0.62,N,0,27
23.87708,93.25479,330.53,0.52,0.42,2025-03-04,638,N,VIIRS,n,2,294.52,4.19,D,0,1
20.41326,79.59034,340.31,0.38,0.36,2025-03-16,753,N,VIIRS,n,2,313.3,2.96,D,0,1
27.60711,95.40318,313.49,0.39,0.44,2025-01-26,1859,N,VIIRS,n,2,285.61,1.21,N,2,36
13.17918,78.00358,348.04,0.4,0.37,2025-02-27,810,N,VIIRS,n,2,310.06,4.4,D,0,1
20.79341,85.25111,301.19,0.36,0.57,2025-01-05,2035,N,VIIRS,n,2,288.32,1.82,N,2,120
24.7971,82.54344,343.01,0.39,0.44,2025-03-05,801,N,VIIRS,n,2,309.17,4.01,D,0,2
22.89882,77.2533,346.35,0.38,0.36,2025-03-21,800,N,VIIRS,l,2,316.91,14.11,D,0,2
17.77066,73.4618,346.37,0.42,0.45,2025-03-08,843,N,VIIRS,l,2,316.64,11.5,D,0,2
12.88242,76.08601,345.18,0.42,0.37,2025-02-06,804,N,VIIRS,n,2,312.81,9.52,D,0,1
20.22219,83.33797,306.63,0.41,0.37,2025-03-28,1957,N,VIIRS,n,2,295.76,1.41,N,0,2
19.53902,76.29717,337.0,0.43,0.38,2025-03-20,818,N,VIIRS,l,2,309.95,3.73,D,0,1
17.50645,81.39284,307.02,0.46,0.39,2025-03-16,2023,N,VIIRS,n,2,295.73,0.81,N,0,1
21.99461,83.16657,343.08,0.4,0.44,2025-02-17,800,N,VIIRS,n,2,309.49,4.88,D,0,1
20.05963,80.19214,331.98,0.34,0.56,2025-03-18,715,N,VIIRS,l,2,305.63,1.65,D,0,2
18.76683,80.39989,302.27,0.69,0.74,2025-02-26,1920,N,VIIRS,n,2,291.95,2.18,N,0,3
25.80449,82.22775,334.06,0.42,0.38,2025-02-24,730,N,VIIRS,n,2,300.43,5.87,D,0,1
22.6263,92.60013,330.83,0.43,0.38,2025-03-14,1919,N,VIIRS,n,2,294.02,3.07,N,0,2
16.17687,78.83807,331.3,0.57,0.52,2025-02-10,830,N,VIIRS,l,2,303.6,12.88,D,0,1
23.59097,87.30153,297.58,0.4,0.37,2025-02-08,1957,N,VIIRS,n,2,286.43,0.45,N,0,10
26.71986,94.59061,367.0,0.72,0.75,2025-03-11,748,N,VIIRS,h,2,290.37,14.44,D,0,3
22.86578,82.6545,337.86,0.52,0.5,2025-03-13,710,N,VIIRS,n,2,310.89,3.53,D,0,1
19.75158,84.22709,342.46,0.39,0.44,2025-03-18,715,N,VIIRS,n,2,305.4,6.49,D,0,7
24.42417,72.87057,347.86,0.39,0.36,2025-03-31,813,N,VIIRS,l,2,320.64,6.18,D,0,2
24.23573,93.26112,330.58,0.45,0.63,2025-03-06,741,N,VIIRS,n,2,298.24,8.7,D,0,1
21.79517,86.0189,344.57,0.38,0.36,2025-03-28,728,N,VIIRS,n,2,313.81,9.94,D,0,1
28.45928,80.33048,300.71,0.39,0.36,2025-03-21,2026,N,VIIRS,n,2,288.57,0.74,N,0,2
23.9481,92.92415,331.02,0.38,0.36,2025-02-15,657,N,VIIRS,n,2,297.42,16.69,D,0,2
25.66837,93.04754,345.21,0.44,0.38,2025-03-25,645,N,VIIRS,n,2,303.27,5.38,D,0,2
17.93927,78.09596,332.85,0.48,0.48,2025-01-28,734,N,VIIRS,l,2,307.07,5.32,D,0,1
23.16252,82.33579,321.68,0.48,0.4,2025-03-28,1956,N,VIIRS,n,2,297.06,4.22,N,2,174
20.43943,80.38974,333.07,0.39,0.36,2025-03-16,753,N,VIIRS,l,2,307.36,2.34,D,0,1
24.20817,82.71239,300.31,0.54,0.42,2025-01-18,1950,N,VIIRS,n,2,287.89,1.61,N,2,79
20.33727,80.02773,337.6,0.44,0.46,2025-03-28,728,N,VIIRS,n,2,310.82,2.63,D,0,1
18.62401,73.56347,299.18,0.46,0.64,2025-02-24,1959,N,VIIRS,n,2,285.79,0.59,N,0,1
13.27353,79.38239,335.69,0.43,0.46,2025-03-25,822,N,VIIRS,n,2,305.61,2.7,D,0,2
20.46294,80.2113,339.26,0.39,0.36,2025-03-16,753,N,VIIRS,n,2,310.37,1.85,D,0,2
15.06986,76.86761,301.46,0.54,0.51,2025-01-20,2056,N,VIIRS,n,2,290.79,1.55,N,2,28
20.34755,84.04617,304.11,0.39,0.37,2025-03-28,1957,N,VIIRS,n,2,293.62,0.84,N,0,1
25.79242,91.01274,333.48,0.45,0.39,2025-03-18,716,N,VIIRS,n,2,297.7,6.37,D,0,11
22.84091,77.59104,298.45,0.38,0.36,2025-03-05,2029,N,VIIRS,n,2,287.72,0.52,N,0,2
23.1186,70.08493,296.01,0.67,0.74,2025-01-12,2004,N,VIIRS,n,2,285.99,0.63,N,2,12
17.99271,83.18543,336.72,0.39,0.36,2025-03-22,740,N,VIIRS,n,2,305.37,3.99,D,0,1
21.92561,82.85381,330.43,0.49,0.65,2025-01-20,825,N,VIIRS,n,2,302.88,4.73,D,0,1
17.26274,81.93427,346.11,0.4,0.37,2025-03-06,740,N,VIIRS,n,2,317.07,10.22,D,0,1
11.81539,77.91668,309.36,0.36,0.57,2025-01-04,2057,N,VIIRS,n,2,290.87,1.4,N,2,45
23.39501,92.9687,367.0,0.43,0.46,2025-03-07,722,N,VIIRS,l,2,332.27,58.24,D,0,14
22.54035,77.49934,299.59,0.52,0.67,2025-03-13,2119,N,VIIRS,n,2,286.34,0.75,N,0,3
23.68054,86.10023,304.89,0.43,0.46,2025-03-08,1931,N,VIIRS,n,2,291.82,1.78,N,2,87
26.9265,73.46947,302.55,0.39,0.36,2025-03-04,2046,N,VIIRS,n,2,283.56,0.61,N,2,26
17.91846,73.82727,330.62,0.58,0.7,2025-02-24,728,N,VIIRS,n,2,299.79,2.16,D,0,1
21.75922,83.84524,334.54,0.36,0.57,2025-03-03,657,N,VIIRS,n,2,303.71,2.24,D,2,31
18.87793,83.32599,309.51,0.46,0.47,2025-03-05,2029,N,VIIRS,n,2,293.87,1.07,N,0,1
21.90816,82.57726,330.38,0.46,0.39,2025-01-11,754,N,VIIRS,n,2,299.33,1.67,D,0,3
23.95689,94.134,305.99,0.44,0.46,2025-03-31,1859,N,VIIRS,n,2,295.57,1.27,N,0,1
18.45103,80.16219,340.97,0.36,0.58,2025-03-18,715,N,VIIRS,n,2,306.62,2.21,D,0,2
23.5619,87.08554,304.38,0.46,0.39,2025-01-08,1938,N,VIIRS,n,2,286.77,0.73,N,2,53
22.05572,78.6211,335.97,0.49,0.4,2025-03-31,812,N,VIIRS,l,2,310.78,3.78,D,0,2
22.2357,84.83966,335.71,0.39,0.36,2025-02-24,729,N,VIIRS,n,2,308.25,1.6,D,0,1
19.72087,82.55354,336.79,0.39,0.36,2025-03-06,740,N,VIIRS,l,2,308.95,4.91,D,0,2
27.78049,74.70313,347.51,0.4,0.37,2025-02-01,802,N,VIIRS,n,2,303.12,2.51,D,0,1
18.60713,80.20863,335.39,0.55,0.43,2025-03-15,811,N,VIIRS,l,2,308.33,3.2,D,0,2
19.72228,79.17666,305.94,0.39,0.36,2025-02-12,2023,N,VIIRS,n,2,294.07,0.78,N,0,27
24.04874,93.93931,305.3,0.4,0.37,2025-03-24,1931,N,VIIRS,n,2,285.75,0.68,N,0,2
19.26457,76.32822,339.43,0.43,0.46,2025-01-09,831,N,VIIRS,n,2,309.66,5.05,D,0,2
21.392,81.64776,303.85,0.49,0.65,2025-03-03,1926,N,VIIRS,n,2,292.57,0.9,N,2,100
21.67434,84.04409,299.04,0.71,0.75,2025-01-25,2100,N,VIIRS,n,2,288.84,2.26,N,0,14
24.21412,74.23709,348.87,0.4,0.37,2025-03-20,819,N,VIIRS,n,2,317.85,13.29,D,0,2
23.76644,86.40355,310.25,0.4,0.6,2025-02-05,1913,N,VIIRS,n,2,292.92,1.3,N,2,138
17.58329,77.04465,306.83,0.49,0.65,2025-03-08,2114,N,VIIRS,n,2,290.72,0.73,N,0,2
13.03098,77.33731,351.6,0.39,0.36,2025-02-22,804,N,VIIRS,n,2,317.75,26.33,D,0,1
22.59609,76.23808,336.31,0.47,0.4,2025-01-31,819,N,VIIRS,n,2,307.89,1.62,D,0,2
19.98382,80.32676,335.39,0.39,0.36,2025-03-16,753,N,VIIRS,n,2,307.41,3.04,D,0,1
22.35633,82.30076,295.58,0.38,0.36,2025-01-01,2010,N,VIIRS,n,2,284.72,1.14,N,2,164
22.86773,80.14371,338.4,0.41,0.45,2025-03-31,812,N,VIIRS,l,2,313.31,5.33,D,0,1
15.33352,76.24692,313.9,0.46,0.39,2025-03-31,2043,N,VIIRS,n,2,294.42,2.08,N,2,12
21.07476,86.52401,334.99,0.42,0.38,2025-03-01,734,N,VIIRS,l,2,306.52,3.27,D,0,2
20.95714,85.14468,308.82,0.4,0.37,2025-01-18,1951,N,VIIRS,n,2,290.29,0.96,N,2,19
22.52951,80.66116,343.01,0.43,0.46,2025-03-31,812,N,VIIRS,n,2,312.51,3.86,D,0,2
21.50348,82.22701,347.36,0.44,0.38,2025-03-16,753,N,VIIRS,n,2,307.84,5.22,D,0,2
17.66505,76.36868,347.92,0.42,0.38,2025-02-17,759,N,VIIRS,n,2,314.4,4.6,D,0,1
24.91384,73.57745,342.41,0.51,0.41,2025-03-30,832,N,VIIRS,l,2,316.43,4.71,D,0,1
21.69602,75.43387,304.92,0.42,0.38,2025-03-21,2029,N,VIIRS,n,2,294.76,1.27,N,0,2
24.7943,80.67472,344.58,0.47,0.48,2025-02-27,813,N,VIIRS,n,2,311.32,23.14,D,0,3
20.81858,81.16331,340.53,0.55,0.43,2025-03-28,728,N,VIIRS,n,2,313.61,7.53,D,0,2
24.13387,87.35892,333.78,0.4,0.45,2025-03-19,657,N,VIIRS,l,2,308.0,0.99,D,0,1
22.01216,83.90591,332.47,0.45,0.39,2025-01-06,747,N,VIIRS,n,2,299.87,1.72,D,0,4
24.18577,82.66132,300.46,0.46,0.47,2025-03-18,1944,N,VIIRS,n,2,290.04,0.48,N,0,11
26.13995,93.26286,301.04,0.44,0.39,2025-03-30,1918,N,VIIRS,n,2,290.99,0.6,N,0,1
22.60519,84.01787,330.18,0.54,0.42,2025-03-16,754,N,VIIRS,l,2,304.76,2.08,D,0,1
25.05119,93.34023,367.0,0.5,0.49,2025-03-10,626,N,VIIRS,l,2,376.18,351.49,D,0,12
26.87737,73.51687,298.18,0.5,0.41,2025-01-14,2105,N,VIIRS,n,2,282.21,1.59,N,2,31
16.50513,77.41059,337.95,0.4,0.37,2025-02-17,759,N,VIIRS,l,2,310.8,2.0,D,0,1
26.87865,73.51579,301.19,0.43,0.38,2025-01-25,2059,N,VIIRS,n,2,280.68,1.2,N,2,31
23.11501,87.73889,327.58,0.48,0.4,2025-01-03,704,N,VIIRS,l,2,298.74,3.31,D,0,3
23.77824,86.20811,314.82,0.45,0.63,2025-01-26,2041,N,VIIRS,n,2,289.09,2.38,N,2,324
22.96769,76.61716,356.1,0.39,0.44,2025-03-25,825,N,VIIRS,n,2,320.41,8.43,D,0,1
22.04497,83.73041,349.06,0.38,0.36,2025-02-13,735,N,VIIRS,n,2,316.98,7.79,D,2,440
22.31933,82.59736,332.6,0.46,0.47,2025-02-22,806,N,VIIRS,n,2,302.25,2.9,D,0,61
15.58446,78.82078,302.77,0.43,0.46,2025-03-15,2043,N,VIIRS,n,2,290.83,1.6,N,0,4
22.12131,79.9568,305.38,0.39,0.36,2025-03-27,2016,N,VIIRS,n,2,293.97,1.11,N,0,1
21.35185,83.71613,331.33,0.39,0.37,2025-01-01,741,N,VIIRS,n,2,300.25,1.46,D,0,2
19.30336,80.7074,337.64,0.41,0.45,2025-03-28,727,N,VIIRS,l,2,310.67,4.31,D,0,1
23.76221,86.39108,302.05,0.43,0.38,2025-01-29,1944,N,VIIRS,n,2,291.88,0.96,N,2,74
22.35663,82.30548,346.57,0.43,0.62,2025-03-25,825,N,VIIRS,n,2,314.29,7.07,D,2,56
28.49042,80.5201,345.92,0.43,0.46,2025-01-13,718,N,VIIRS,n,2,294.04,5.02,D,0,1
19.78635,79.14756,300.5,0.53,0.67,2025-01-19,1933,N,VIIRS,n,2,290.43,1.47,N,2,46
22.08619,84.35435,334.86,0.59,0.53,2025-03-10,806,N,VIIRS,l,2,306.54,4.25,D,0,1
23.67433,86.11379,304.78,0.45,0.39,2025-03-18,1944,N,VIIRS,n,2,291.96,0.64,N,2,28
23.79077,86.35281,305.16,0.39,0.36,2025-01-18,1950,N,VIIRS,n,2,288.79,1.12,N,2,95
14.06995,76.17245,331.85,0.4,0.37,2025-01-15,817,N,VIIRS,n,2,289.96,2.83,D,0,2
17.52169,74.47652,295.1,0.44,0.39,2025-01-15,2049,N,VIIRS,n,2,275.33,1.13,N,0,1
23.06871,77.87044,354.89,0.58,0.7,2025-03-29,850,N,VIIRS,n,2,310.74,14.21,D,0,5
19.10072,73.0537,316.62,0.51,0.41,2025-02-26,2101,N,VIIRS,n,2,293.64,1.25,N,2,121
24.47453,79.46044,343.6,0.6,0.53,2025-03-25,825,N,VIIRS,n,2,312.38,7.68,D,0,2
22.36253,82.89185,302.99,0.39,0.36,2025-03-06,2010,N,VIIRS,n,2,291.98,1.62,N,0,1
21.49756,71.59464,345.04,0.4,0.37,2025-02-16,819,N,VIIRS,n,2,309.83,4.45,D,0,3
22.10382,84.09616,339.73,0.72,0.76,2025-02-26,831,N,VIIRS,n,2,297.21,7.33,D,0,1
30.89606,78.66266,297.02,0.39,0.36,2025-01-21,2033,N,VIIRS,n,2,277.41,1.29,N,0,1
18.88308,80.46389,310.74,0.34,0.56,2025-03-13,1939,N,VIIRS,n,2,296.5,2.62,N,0,2
15.73907,74.20617,336.81,0.41,0.37,2025-03-31,811,N,VIIRS,n,2,301.56,3.57,D,0,1
24.14441,82.67384,315.39,0.46,0.47,2025-03-18,1944,N,VIIRS,n,2,292.06,1.09,N,0,11
24.4065,85.14024,355.9,0.53,0.42,2025-03-27,747,N,VIIRS,n,2,319.67,10.0,D,0,10
19.09941,73.05105,305.13,0.39,0.6,2025-01-28,2005,N,VIIRS,n,2,284.35,1.2,N,2,121
22.25602,83.40405,344.12,0.39,0.36,2025-03-06,741,N,VIIRS,n,2,312.06,6.88,D,0,2
19.89288,82.03114,337.65,0.32,0.55,2025-02-25,709,N,VIIRS,n,2,304.74,6.36,D,0,1
20.97236,86.01254,302.08,0.62,0.71,2025-03-04,2047,N,VIIRS,n,2,290.98,2.66,N,2,190
11.76694,77.29984,331.98,0.54,0.42,2025-03-16,751,N,VIIRS,l,2,302.96,2.72,D,0,1
18.68863,80.76192,337.51,0.39,0.36,2025-03-27,746,N,VIIRS,l,2,311.65,3.29,D,0,1
18.55731,80.71217,331.79,0.4,0.44,2025-02-27,812,N,VIIRS,n,2,306.29,2.33,D,0,2
22.53942,77.28448,305.43,0.39,0.44,2025-03-22,2009,N,VIIRS,n,2,287.64,0.61,N,0,1
23.76789,86.39604,302.47,0.71,0.75,2025-01-20,2053,N,VIIRS,n,2,292.44,2.25,N,2,138
20.96125,83.9125,338.2,0.38,0.36,2025-03-01,734,N,VIIRS,l,2,312.35,3.66,D,0,2
21.38242,83.67834,334.87,0.44,0.38,2025-01-22,747,N,VIIRS,n,2,306.38,4.23,D,0,2
22.03981,88.08437,306.94,0.39,0.44,2025-03-03,1926,N,VIIRS,n,2,294.75,0.71,N,0,26
23.66763,86.91996,319.06,0.49,0.4,2025-03-29,1937,N,VIIRS,n,2,294.85,1.76,N,2,144
22.08961,83.99426,345.62,0.36,0.57,2025-02-27,813,N,VIIRS,n,2,306.94,3.49,D,0,2
14.43069,78.11822,334.36,0.49,0.48,2025-02-10,830,N,VIIRS,l,2,306.48,3.89,D,0,2
28.70393,80.21666,345.85,0.43,0.38,2025-01-27,756,N,VIIRS,n,2,299.16,7.51,D,0,1
16.08342,78.62369,367.0,0.32,0.55,2025-03-28,727,N,VIIRS,h,2,305.17,8.6,D,0,4
15.17041,76.38176,305.89,0.43,0.46,2025-02-13,2006,N,VIIRS,n,2,295.13,1.01,N,2,115
18.97874,76.8092,341.37,0.56,0.51,2025-01-28,734,N,VIIRS,n,2,304.32,6.48,D,0,1
15.46881,74.48506,339.23,0.46,0.39,2025-02-10,830,N,VIIRS,n,2,308.06,7.4,D,0,2
22.3394,75.86219,344.03,0.55,0.51,2025-02-15,838,N,VIIRS,n,2,309.3,7.96,D,0,1
24.25458,74.74647,349.37,0.39,0.44,2025-03-30,832,N,VIIRS,n,2,318.18,4.61,D,0,2
18.67962,73.03658,312.01,0.39,0.36,2025-02-27,2043,N,VIIRS,n,2,294.44,1.0,N,2,119
20.20231,80.41864,343.38,0.42,0.45,2025-03-28,728,N,VIIRS,n,2,311.57,2.33,D,0,1
20.9792,85.13731,349.06,0.42,0.38,2025-03-06,741,N,VIIRS,n,2,315.44,8.9,D,2,216
24.94452,87.7355,295.99,0.52,0.42,2025-03-06,2009,N,VIIRS,n,2,284.91,0.53,N,0,1
22.31558,82.51897,306.42,0.54,0.42,2025-03-07,1951,N,VIIRS,n,2,292.38,2.56,N,0,21
21.86435,82.78883,336.17,0.39,0.36,2025-01-01,741,N,VIIRS,n,2,301.43,4.06,D,0,3
25.7988,90.89689,311.21,0.39,0.36,2025-03-18,1943,N,VIIRS,n,2,291.49,1.11,N,0,2
17.65412,76.08551,324.06,0.4,0.44,2025-03-22,2011,N,VIIRS,n,2,296.85,2.14,N,0,3
24.61925,79.73558,332.69,0.47,0.39,2025-02-13,736,N,VIIRS,l,2,304.05,5.95,D,0,1
21.36764,81.67889,304.39,0.64,0.72,2025-03-03,2106,N,VIIRS,n,2,292.01,2.33,N,2,44
27.60401,95.40448,325.41,0.4,0.37,2025-02-16,639,N,VIIRS,n,2,293.67,0.87,D,2,26
23.64947,85.44008,312.1,0.44,0.38,2025-01-17,2009,N,VIIRS,n,2,285.83,1.74,N,0,90
21.18359,76.4543,346.62,0.45,0.39,2025-03-16,753,N,VIIRS,n,2,314.6,11.78,D,0,3
22.12826,72.76482,302.55,0.44,0.46,2025-01-11,2023,N,VIIRS,n,2,288.3,0.86,N,0,24
15.17792,76.67551,314.95,0.42,0.38,2025-01-06,2018,N,VIIRS,n,2,294.17,2.43,N,2,116
29.65938,80.34569,343.35,0.52,0.42,2025-02-17,802,N,VIIRS,n,2,307.27,12.58,D,0,1
21.77427,83.83036,302.15,0.4,0.37,2025-01-07,1957,N,VIIRS,n,2,289.42,0.92,N,2,54
23.78829,86.37347,299.55,0.36,0.58,2025-02-22,2034,N,VIIRS,n,2,288.41,0.73,N,2,55
23.5027,84.03044,317.52,0.41,0.37,2025-03-28,1956,N,VIIRS,n,2,292.66,1.16,N,0,1
19.32027,78.77148,300.92,0.44,0.46,2025-02-24,1958,N,VIIRS,n,2,288.83,0.58,N,0,3
23.6265,73.39552,346.28,0.39,0.44,2025-03-19,838,N,VIIRS,n,2,316.21,5.19,D,0,2
20.08797,77.47797,338.19,0.49,0.41,2025-03-20,818,N,VIIRS,l,2,308.28,11.37,D,0,1
21.84895,73.46334,332.42,0.48,0.4,2025-01-09,832,N,VIIRS,n,2,305.26,2.89,D,0,1
26.7616,83.19931,307.72,0.39,0.36,2025-02-23,2015,N,VIIRS,n,2,289.82,1.19,N,2,90
23.77331,88.16599,328.75,0.4,0.37,2025-01-08,710,N,VIIRS,l,2,299.24,1.42,D,0,1
20.94267,86.05901,303.03,0.41,0.45,2025-01-06,2016,N,VIIRS,n,2,290.46,1.21,N,2,88
20.11341,81.8053,308.81,0.45,0.39,2025-03-16,2023,N,VIIRS,n,2,292.94,0.95,N,0,1
16.57507,80.90157,349.29,0.38,0.36,2025-03-16,752,N,VIIRS,n,2,318.56,12.28,D,0,2
26.9427,95.01113,345.93,0.57,0.43,2025-03-26,626,N,VIIRS,n,2,298.95,11.82,D,0,2
21.19108,81.38978,304.66,0.63,0.72,2025-02-15,2107,N,VIIRS,n,2,292.18,2.45,N,2,109
22.38694,86.49366,305.87,0.62,0.54,2025-03-05,2028,N,VIIRS,n,2,291.97,0.81,N,0,2
27.60473,95.40128,313.44,0.41,0.37,2025-01-03,1930,N,VIIRS,n,2,285.01,1.57,N,2,26
20.40494,83.63748,319.81,0.4,0.37,2025-03-28,1957,N,VIIRS,n,2,299.11,1.9,N,0,1
21.34358,85.48136,330.67,0.47,0.4,2025-03-18,715,N,VIIRS,l,2,303.38,4.0,D,0,2
21.85459,79.09984,295.5,0.4,0.37,2025-02-17,2029,N,VIIRS,n,2,284.8,0.19,N,0,1
21.05366,81.71357,340.15,0.39,0.44,2025-03-10,806,N,VIIRS,n,2,307.96,4.59,D,0,2
21.59859,85.31342,305.52,0.38,0.36,2025-03-28,1957,N,VIIRS,n,2,294.49,1.5,N,0,2
20.96893,86.01279,342.5,0.37,0.58,2025-01-05,806,N,VIIRS,n,2,301.47,7.4,D,2,190
